-- MySQL dump 10.13  Distrib 8.0.25, for Linux (x86_64)
--
-- Host: localhost    Database: kms
-- ------------------------------------------------------
-- Server version	8.0.25-0ubuntu0.20.04.1

/*!40101 SET @OLD_CHARACTER_SET_CLIENT=@@CHARACTER_SET_CLIENT */;
/*!40101 SET @OLD_CHARACTER_SET_RESULTS=@@CHARACTER_SET_RESULTS */;
/*!40101 SET @OLD_COLLATION_CONNECTION=@@COLLATION_CONNECTION */;
/*!50503 SET NAMES utf8mb4 */;
/*!40103 SET @OLD_TIME_ZONE=@@TIME_ZONE */;
/*!40103 SET TIME_ZONE='+00:00' */;
/*!40014 SET @OLD_UNIQUE_CHECKS=@@UNIQUE_CHECKS, UNIQUE_CHECKS=0 */;
/*!40014 SET @OLD_FOREIGN_KEY_CHECKS=@@FOREIGN_KEY_CHECKS, FOREIGN_KEY_CHECKS=0 */;
/*!40101 SET @OLD_SQL_MODE=@@SQL_MODE, SQL_MODE='NO_AUTO_VALUE_ON_ZERO' */;
/*!40111 SET @OLD_SQL_NOTES=@@SQL_NOTES, SQL_NOTES=0 */;

--
-- Table structure for table `adonis_schema`
--

DROP TABLE IF EXISTS `adonis_schema`;
/*!40101 SET @saved_cs_client     = @@character_set_client */;
/*!50503 SET character_set_client = utf8mb4 */;
CREATE TABLE `adonis_schema` (
  `id` int unsigned NOT NULL AUTO_INCREMENT,
  `name` varchar(255) DEFAULT NULL,
  `batch` int DEFAULT NULL,
  `migration_time` timestamp NULL DEFAULT CURRENT_TIMESTAMP,
  PRIMARY KEY (`id`)
) ENGINE=InnoDB AUTO_INCREMENT=19 DEFAULT CHARSET=utf8mb4 COLLATE=utf8mb4_0900_ai_ci;
/*!40101 SET character_set_client = @saved_cs_client */;

--
-- Dumping data for table `adonis_schema`
--

LOCK TABLES `adonis_schema` WRITE;
/*!40000 ALTER TABLE `adonis_schema` DISABLE KEYS */;
INSERT INTO `adonis_schema` VALUES (1,'0594744915739_configuracion_cuestionario_schema',1,'2020-12-02 15:49:59'),(2,'1582124180844_rol_schema',1,'2020-12-02 15:49:59'),(3,'1582124454393_user',1,'2020-12-02 15:50:00'),(4,'1582126721648_tema_schema',1,'2020-12-02 15:50:00'),(5,'1582131304353_banco_pregunta_schema',1,'2020-12-02 15:50:00'),(6,'1582134757862_relacion_profesor_schema',1,'2020-12-02 15:50:00'),(7,'1582135796078_relacion_primaria_schema',1,'2020-12-02 15:50:00'),(8,'1582135863912_testeo_schema',1,'2020-12-02 15:50:00'),(9,'1583935956042_relacion_nodo_alumno_schema',1,'2020-12-02 15:50:00'),(10,'1593025261330_opciones_schema',1,'2020-12-02 15:50:00'),(11,'1597086921291_margen_error_schema',1,'2020-12-02 15:50:00'),(12,'1600046024501_grupo_funcionalidad_schema',1,'2020-12-02 15:50:00'),(13,'1600183585310_funcionalidad_schema',1,'2020-12-02 15:50:00'),(14,'1600183780591_funcionalidad_rol_schema',1,'2020-12-02 15:50:00'),(15,'1602774517019_comodines_schema',1,'2020-12-02 15:50:00'),(16,'1603236960339_utilidades_schema',1,'2020-12-02 15:50:00'),(17,'1604436826273_configuracion_preguntas_calculadas_schema',1,'2020-12-02 15:50:00'),(18,'1618848674458_evidencia_experto_schema',2,'2021-04-19 16:22:03');
/*!40000 ALTER TABLE `adonis_schema` ENABLE KEYS */;
UNLOCK TABLES;

--
-- Table structure for table `banco_preguntas`
--

DROP TABLE IF EXISTS `banco_preguntas`;
/*!40101 SET @saved_cs_client     = @@character_set_client */;
/*!50503 SET character_set_client = utf8mb4 */;
CREATE TABLE `banco_preguntas` (
  `id` int unsigned NOT NULL AUTO_INCREMENT,
  `pregunta` text NOT NULL,
  `tipo` varchar(200) NOT NULL,
  `id_tema` int unsigned DEFAULT NULL,
  `created_at` datetime DEFAULT NULL,
  `updated_at` datetime DEFAULT NULL,
  `id_imagen` int DEFAULT NULL,
  PRIMARY KEY (`id`),
  KEY `banco_preguntas_id_tema_foreign` (`id_tema`),
  CONSTRAINT `banco_preguntas_id_tema_foreign` FOREIGN KEY (`id_tema`) REFERENCES `temas` (`id`) ON DELETE CASCADE ON UPDATE CASCADE
) ENGINE=InnoDB AUTO_INCREMENT=262 DEFAULT CHARSET=utf8mb4 COLLATE=utf8mb4_0900_ai_ci;
/*!40101 SET character_set_client = @saved_cs_client */;

--
-- Dumping data for table `banco_preguntas`
--

LOCK TABLES `banco_preguntas` WRITE;
/*!40000 ALTER TABLE `banco_preguntas` DISABLE KEYS */;
INSERT INTO `banco_preguntas` VALUES (26,'Sistema numérico que se escribe con 16 caracteres:','4',12,NULL,NULL,1),(27,'¿Cuál es el numero que le sigue al 3?','2',12,NULL,NULL,1),(28,'¿A cuanto años equivale un lustro?','2',12,NULL,NULL,1),(29,'Es el conjunto de todos los números no imaginarios.','4',12,NULL,NULL,1),(30,'¿Cuanto es 3+4?','2',6,NULL,NULL,1),(32,'Resultado de sumar ocho mas siete','2',6,NULL,NULL,1),(33,'¿Cuanto es 7-3?','2',7,NULL,NULL,1),(34,'Cual es el símbolo de la suma?','4',6,NULL,NULL,1),(35,'¿Cuanto es 18-13?','2',7,NULL,NULL,1),(36,'¿Cuál es el resultado de la suiguiente suma? 1+1+1+1+1+1+1+1+1+1','2',8,NULL,NULL,1),(38,'Resultado de dividir 10 entre 5','2',9,NULL,NULL,1),(39,'Cuanto es 66 + 44?','4',6,NULL,NULL,1),(40,'¿Cual es el resultado de 20/5?','2',9,NULL,NULL,1),(42,'Resuelve la siguiente operación  {a} * ( {b} – {c} + {d} )','5',10,NULL,NULL,1),(43,'Cuanto es -20 - 80?','4',7,NULL,NULL,1),(44,'¿Cuanto es 2 a la potencia 2?','2',11,NULL,NULL,1),(45,'¿Cual es el resultado de 3^2?','2',11,NULL,NULL,1),(46,'Resultado de: -30-((-2-5)*(-10))','2',10,NULL,NULL,1),(47,'Resultado de la siguiente operacion: 5 * 2 + 6 / 2 - 1','2',10,NULL,NULL,1),(48,'Cuales de los siguientes símbolos representan multiplicación?','4',8,NULL,NULL,1),(50,'Una motocicleta recorre 320 kilómetros en 150 minutos, ¿a cuántos kilómetros por hora viajó?','2',24,NULL,NULL,1),(51,'De cinco futbolistas, donde ninguno tiene la misma cantidad de goles convertidos, se sabe que Claudio tiene dos goles más que Abel, Flavio tiene dos goles más que Roberto, pero uno menos que Abel y Ándres más goles que Roberto, pero menos que Abel. ¿Cuántos goles menos que Claudio tiene Ándres?','2',14,NULL,NULL,1),(52,'Cuanto es -10 X -5?','4',8,NULL,NULL,1),(53,'En una caja, se tiene 200 canicas de color verde, 200 de color rojo, 200 de color azul, 200 de color negro y 250 de color amarillo. ¿Cuál es el menor número de canicas que se debe extraer al azar para tener, con certeza, al menos 100 canicas del mismo color?','2',14,NULL,NULL,1),(54,'En una escuela primara hay {a} alumnos si estos representan el {b} % ¿cuanto es el 100% del alumnado?','5',24,NULL,NULL,1),(56,'Cuanto es 30 / 0?','4',9,NULL,NULL,1),(61,'Cual es el máximo común divisor de 30 y 100?','4',9,NULL,NULL,1),(69,'Cual de las siguientes opciones muestra la jerarquía de mayor a menor?','4',10,NULL,NULL,1),(70,'¿Cuánto es el 10% de 150?','2',25,NULL,NULL,1),(71,'En la operación A + B = D, ¿D es Suma?','3',6,NULL,NULL,1),(72,'¿Cuánto es el 5% de 1234?','2',25,NULL,NULL,1),(73,'Radio de una circulo cuyo diámetro es 10','2',23,NULL,NULL,1),(74,'En la resta A - B = D, ¿A es el substraendo?','3',7,NULL,NULL,1),(75,'Cual es el resultado de 10 + (5 * 5)?','4',10,NULL,NULL,1),(77,'En la resta A - B = D, ¿D es la diferencia?','3',7,NULL,NULL,1),(78,'Radio de un circulo cuyo diámetro es 4','2',23,NULL,NULL,1),(79,'Es el conjunto de todos los números reales mayores o iguales que \"a\" y menores o iguales que \"b\".','1',12,NULL,NULL,1),(82,'El gobierno propone repartir las tierras confiscadas a los paramilitares proporcional a la cantidad de hijos que tenga la cabeza de familia. Se han presentado 3 personas cabeza de familia: de {fam1} , de {fam2} y de {fam4} hijos para reclamar un terreno de {hectareas} hectáreas. ¿Cuántas hectáreas le corresponde a la familia con {fam2} integrantes?','5',2,NULL,NULL,1),(83,'Son cualquier número que corresponda a un punto en la recta real y pueden clasificarse en números naturales.','1',12,NULL,NULL,1),(84,'Si 5 chocolates cuestan 65 pesos, cuanto costaran 23 chocolates?','4',24,NULL,NULL,1),(85,'En la operación A * B = D, ¿D es el factor? ','3',8,NULL,NULL,1),(86,'En la operación A * B = D, ¿A es el multiplicando? ','3',8,NULL,NULL,1),(87,'En un grupo de 135 personas 60 tienen gorro, que porcentaje de personas tienen gorro?','4',24,NULL,NULL,1),(88,'En la operación A / B = D y sobra C, ¿A es el dividendo?','3',9,NULL,NULL,1),(90,'En la operación A / B = D y sobra C, ¿A es el divisor?','3',9,NULL,NULL,1),(93,'Consiste en reunir las dos colecciones y contar el conjunto total','1',6,NULL,NULL,1),(94,'En una operación con múltiples operadores, ¿lo primero que se debe resolver son las operaciones de potencias y raíces?','3',10,NULL,NULL,1),(95,'En una operación con multiples operadores, ¿lo segundo que se debe resolver son las operaciones de sumas y restas?','3',10,NULL,NULL,1),(97,'¿Es posible que de 9 compañeros ningun cumpla años en el mismo mes que otro?','3',14,NULL,NULL,1),(98,'Si compré un carro hace 2 años y el costo fue de $100,000  y está se ha ido devaluando en un 10% cada que finaliza el año ¿El valor de mi carro actualmente sería de $81,000?','3',14,NULL,NULL,1),(99,'¿Cómo se le conoce a un  conjunto total cuando se le quita una parte dando  como resultado el cardinal de la otra parte?','1',7,NULL,NULL,1),(101,'Nombre de una figura con 15 lados: ','4',20,NULL,NULL,1),(102,'Un camión transporta {cCajas} cajas de naranjas, si en total son {cNaranjas} naranjas. Cual es el porcentaje que corresponde a la cantidad de naranjas que contiene cada caja?.','5',2,NULL,NULL,1),(106,'Figura con cero lados:','4',20,NULL,NULL,1),(107,'Un triángulo rectángulo es un tipo de triángulo con un ángulo recto.','3',19,NULL,NULL,1),(108,'En un triángulo rectángulo, el lado opuesto al ángulo recto se le llama hipotenusa','3',19,NULL,NULL,1),(110,'{impresoras}  impresoras imprimen un trabajo de 8400 páginas en {horas} horas.¿Cuánto tiempo tardarían {impresorasN} impresoras en hacer el mismo trabajo? ','5',24,NULL,NULL,1),(112,'Cuando el resultado de una resta es un numero con un signo de menos antes quiere decir que es un numero:','1',7,NULL,NULL,1),(113,'Son los lados que componen un triangulo rectángulo:','4',19,NULL,NULL,1),(114,'De los siguientes numeros: ( {a} , {b} , {c} , {d} , {e} , {f} ) cual es el mayor?','5',12,NULL,NULL,1),(115,'Teorema que calcula los lados de los triángulos rectángulos:','4',19,NULL,NULL,1),(116,'¿Cómo se le llama a la propiedad obtenida cuando se multiplican dos números, el producto es el mismo sin importar el orden de los multiplicandos?','1',8,NULL,NULL,1),(121,'El simbolo de \"por ciento\" es %','3',25,NULL,NULL,1),(122,'¿Cual es la propiedad llamada cuando se multiplican tres o más números, el producto es el mismo sin importar como se agrupan los factores?','1',8,NULL,NULL,1),(123,'¿El porcentaje es un símbolo que representa una cantidad dada como una fracción en 100 partes diferentes?','3',25,NULL,NULL,1),(126,'El resultado de una división recibe el nombre de','1',9,NULL,NULL,1),(127,'Es una cantidad por la cual se divide otra en una división','1',9,NULL,NULL,1),(129,'Primero debemos resolver las operaciones que aparezcan entre  ________ , después las multiplicaciones y las divisiones.','1',10,NULL,NULL,1),(130,'Es una regla que estipula el orden en que deben ser ejecutadas las operaciones en una expresión numérica con operaciones múltiples.','1',10,NULL,NULL,1),(131,'De las siguientes operaciones, cuál es el resultado mayor? ( {a} + {b} , {c} + {d} , {e} + {f} )','5',12,NULL,NULL,1),(132,'es una forma de resolver problemas de proporcionalidad entre tres valores conocidos y una incógnita','1',24,NULL,NULL,1),(133,'La regla de tres simple directa es la base de','1',24,NULL,NULL,1),(136,'Ramiro está volando su cometa y le gustaría saber qué altura alcanza. La sombra del cometa comienza a sus pies y termina a {x} metros,el ángulo que forma el cable con el suelo es de: {a}°','5',19,NULL,NULL,1),(137,' Este tipo de triángulo tiene un ángulo obtuso y dos agudos. El lado opuesto al ángulo obtuso será de mayor longitud. ','1',20,NULL,NULL,1),(139,'Calcular el valor de la hipotenusa de un triangulo con un angulo {a} y cateto adyacente {ca}','5',19,NULL,NULL,1),(141,'Son dos triángulos que tienen sus ángulos respectivamente de igual medida (ángulos homólogos) y sus lados homólogos proporcionales.','1',19,NULL,NULL,1),(143,'Calcular el cateto opuesto de un triángulo con un ángulo {a} y con hipotenusa {h}','5',2,NULL,NULL,1),(144,' Tipos de triángulos de acuerdo a la clasificación por sus lados. ','1',19,NULL,NULL,1),(151,'Una bolsa de dulces hay 32 dulces entre chocolates, paletas y chicles, si tiene 15 chocolees y 10 paletas, ¿Qué porcentaje de chicles hay en la bolsa?','4',25,NULL,NULL,1),(154,'De un grupo de 120 el 20% tiene tenis rojos, ¿Cuántas personas tienen tenis rojos?','4',25,NULL,NULL,1),(158,'Es el segmento que va del centro de un circulo a su borde.','4',23,NULL,NULL,1),(161,'Recta que corta una circunferencia en dos puntos cualquiera','4',23,NULL,NULL,1),(164,'Cual es el resultado de 5^0','4',11,NULL,NULL,1),(168,'Cual es el resultado de la siguiente operacion: {a} + {b}','5',6,NULL,NULL,1),(169,'Cual es el resultado de la siguiente operacion: {a} + {b} + {c}','5',6,NULL,NULL,1),(170,'Cual es el resultado de la siguiente operacion: {a} - {b}','5',7,NULL,NULL,1),(171,'Cual es el resultado de la siguiente operacion: {a} - {b} - {c}','5',7,NULL,NULL,1),(172,'Cual es el resultado de la siguiente operacion: {a} * {b}','5',8,NULL,NULL,1),(173,'3.1416 es un número entero','3',12,NULL,NULL,1),(174,'Cual es el resultado de la siguiente operacion: {a} * {b} * {c}','5',8,NULL,NULL,1),(175,'Cual es el resultado de la siguiente operacion: {a} / {b}','5',9,NULL,NULL,1),(176,'se denomina __________ a una porción proporcional del número 100, por lo tanto puede expresarse como fracción.','1',25,NULL,NULL,1),(177,'De la sucesión 1,5,10,15 el número 1 es el menor','3',12,NULL,NULL,1),(178,'Este símbolo se lee como “por ciento” e indica el numero de partes que una unidad a sido dividida','1',25,NULL,NULL,1),(179,'Cual es el resultado de la siguiente operacion: {a} / {b} / {c}','5',9,NULL,NULL,1),(180,'Es una línea curva, cerrada y plana cuyos puntos están a la misma distancia de un punto interior llamado centro','1',23,NULL,NULL,1),(182,'Dado f(x)=x^2 + 2x * 3, encuentre f( {x} )','5',2,NULL,NULL,1),(183,'El diámetro es la longitud de la recta que pasa por el centro y toca dos puntos del borde de un círculo.','3',23,NULL,NULL,1),(184,'También se llaman potencias o índices','1',11,NULL,NULL,1),(185,'Determina el radio de un circulo con area {area}','5',23,NULL,NULL,1),(186,'Es el número que se coloca en la esquina derecha de una cantidad que se multiplica por sí misma','1',11,NULL,NULL,1),(187,'El radio de un círculo siempre equivale a la mitad de su diámetro.','3',23,NULL,NULL,1),(189,'Cuantos es {a} elevado a la {b}','5',11,NULL,NULL,1),(190,'Cuantos es {a} + {b}  elevado a la {c}','5',11,NULL,NULL,1),(192,'Todo número elevado a 0 es igual a 1','3',11,NULL,NULL,1),(193,'La regla de 3 simple es una operación que nos ayuda a resolver rápidamente problemas de proporcionalidad, tanto directa como inversa.','3',24,NULL,NULL,1),(194,'Para hacer una regla de tres simple necesitamos 3 datos: dos magnitudes proporcionales entre sí, y una tercera magnitud. A partir de estos, averiguaremos el cuarto término de la proporcionalidad.','3',24,NULL,NULL,1),(195,'Resuelve la siguiente operación  {a} –  ( {b} * {c} – {d} )','6',10,NULL,NULL,1),(198,'Resuelve la siguiente operación ( {a} * ( {b} – {c} + {d} )','6',10,NULL,NULL,1),(199,'En una escuela primara hay {a} alumnos si estos representan el {b} % ¿cuanto es el 100% del alumnado?','6',24,NULL,NULL,1),(201,'{impresoras}  impresoras imprimen un trabajo de 8400 páginas en {horas} horas.¿Cuánto tiempo tardarían {impresorasN} impresoras en hacer el mismo trabajo? ','6',24,NULL,NULL,1),(202,'De los siguientes numeros: ( {a} , {b} , {c} , {d} , {e} , {f} ) cual es el mayor?','6',12,NULL,NULL,1),(204,'De los siguientes numeros: ( {a} , {b} , {c} , {d} , {e} , {f} ) cual es el menor?','6',2,NULL,NULL,1),(205,'De las siguientes operaciones, cuál es el resultado mayor? ( {a} + {b} , {c} + {d} , {e} + {f} )','6',12,NULL,NULL,1),(206,'De las siguientes operaciones, cuál es el resultado menor? ( {a} + {b} , {c} + {d} , {e} + {f} )','6',12,NULL,NULL,1),(207,'Ramiro está volando su cometa y le gustaría saber qué altura alcanza. La sombra del cometa comienza a sus pies y termina a {x} metros, el ángulo que forma el cable con el suelo es de: {a} °','6',19,NULL,NULL,1),(208,'Calcular el valor de la hipotenusa de un triangulo con un angulo {a} y cateto adyacente {ca}','6',19,NULL,NULL,1),(212,'Cual es el resultado de la siguiente operación: {a} + {b}','6',2,NULL,NULL,1),(218,'Perimetro de una circunferencia con radio: {radio}','5',23,NULL,NULL,NULL),(219,'Un camión transporta {cajas} cajas de naranjas, si en total son {cNaranjas} naranjas. Selecciona el porcentaje que corresponde a la cantidad de naranjas quecontiene cada caja.','6',25,NULL,NULL,NULL),(223,'Calcular el cateto opuesto de un triángulo con un ángulo {a} y con hipotenusa {h}','6',19,NULL,NULL,NULL),(224,'Determina el radio de un circulo con area {area}','6',23,NULL,NULL,NULL),(239,'Cuantos es {a} + {b}  elevado a la {c}','6',11,NULL,NULL,NULL),(240,'Cuantos es {a} elevado a la {b}','6',11,NULL,NULL,NULL),(243,'Cual es el resultado de la siguiente operación: {a} + {b}','6',6,NULL,NULL,NULL),(244,'Cuanto es el {a} % de {b}','6',11,NULL,NULL,NULL),(245,'Cual es el resultado de la siguiente operacion: {a} - {b}','6',7,NULL,NULL,NULL),(246,'Cual es el resultado de la siguiente operacion: {a} / {b}','6',9,NULL,NULL,NULL),(247,'Cual es el resultado de la siguiente operación: {a} * {b}','6',8,NULL,NULL,NULL),(251,'Cual es el resultado de la siguiente operacion: {a} - {b} - {c}','6',7,NULL,NULL,NULL),(252,'Cual es el resultado de la siguiente operación: {a} * {b} * {c}','6',8,NULL,NULL,NULL),(253,'Cual es el resultado de la siguiente operación: {a} / {b} / {c}','6',9,NULL,NULL,NULL),(254,'Resuelve la siguiente operación {a} * ( {b} – {c} + {d} )','5',10,NULL,NULL,NULL),(255,'Cuanto es el {a} % de {b}	','5',25,NULL,NULL,NULL),(258,'hola','1',19,NULL,NULL,5),(259,'adios','1',24,NULL,NULL,5),(260,'2','2',23,NULL,NULL,NULL),(261,'prueba','3',20,NULL,NULL,NULL);
/*!40000 ALTER TABLE `banco_preguntas` ENABLE KEYS */;
UNLOCK TABLES;

--
-- Table structure for table `comodines`
--

DROP TABLE IF EXISTS `comodines`;
/*!40101 SET @saved_cs_client     = @@character_set_client */;
/*!50503 SET character_set_client = utf8mb4 */;
CREATE TABLE `comodines` (
  `id` int unsigned NOT NULL AUTO_INCREMENT,
  `comodin` varchar(20) NOT NULL,
  `valor_comodin` varchar(254) NOT NULL,
  `id_opcion` int unsigned DEFAULT NULL,
  `created_at` datetime DEFAULT NULL,
  `updated_at` datetime DEFAULT NULL,
  PRIMARY KEY (`id`),
  KEY `comodines_id_opcion_foreign` (`id_opcion`),
  CONSTRAINT `comodines_id_opcion_foreign` FOREIGN KEY (`id_opcion`) REFERENCES `opciones` (`id`) ON DELETE CASCADE ON UPDATE CASCADE
) ENGINE=InnoDB AUTO_INCREMENT=542 DEFAULT CHARSET=utf8mb4 COLLATE=utf8mb4_0900_ai_ci;
/*!40101 SET character_set_client = @saved_cs_client */;

--
-- Dumping data for table `comodines`
--

LOCK TABLES `comodines` WRITE;
/*!40000 ALTER TABLE `comodines` DISABLE KEYS */;
INSERT INTO `comodines` VALUES (43,'{a}','100~500',81,NULL,NULL),(44,'{b}','10,20,30,40,50',81,NULL,NULL),(51,'{hectareas}','1000~5000 ',121,NULL,NULL),(52,'{fam1}','1,2,3,4',121,NULL,NULL),(53,'{fam2}','5,6,7,8',121,NULL,NULL),(54,'{fam3}','9,10,11,12',121,NULL,NULL),(58,'{cNaranjas}','1000~5000 ',156,NULL,NULL),(59,'{cajas}','40~100',156,NULL,NULL),(60,'{impresoras}','3,5,7,9',167,NULL,NULL),(61,'{horas}','2,3,4,6',167,NULL,NULL),(62,'{impresorasN}','6,7,8,9,10',167,NULL,NULL),(69,'{a}','1~50',174,NULL,NULL),(70,'{b}','10~60',174,NULL,NULL),(71,'{c}','1~100',174,NULL,NULL),(72,'{d}','1,2,3,4,5',174,NULL,NULL),(73,'{e}','10~30',174,NULL,NULL),(74,'{f}','1~40',174,NULL,NULL),(81,'{a}','1~50',204,NULL,NULL),(82,'{b}','10~60',204,NULL,NULL),(83,'{c}','1~100',204,NULL,NULL),(84,'{d}','1,2,3,4,5',204,NULL,NULL),(85,'{e}','10~30',204,NULL,NULL),(86,'{f}','1~40',204,NULL,NULL),(99,'{x}','1~10',217,NULL,NULL),(100,'{a}','20~60',217,NULL,NULL),(101,'{ca}','40,70,20,100',223,NULL,NULL),(102,'{a}','20,10,90,60,75',223,NULL,NULL),(103,'{h}','60~70',233,NULL,NULL),(104,'{a}','20,30,45,50,60',233,NULL,NULL),(116,'{a}','1~50',285,NULL,NULL),(117,'{b}','10~60',285,NULL,NULL),(118,'{a}','1~50',286,NULL,NULL),(119,'{b}','10~60',286,NULL,NULL),(120,'{c}','10~20',286,NULL,NULL),(121,'{a}','1~50',287,NULL,NULL),(122,'{b}','10~60',287,NULL,NULL),(123,'{a}','1~60',288,NULL,NULL),(124,'{b}','10~60',288,NULL,NULL),(125,'{c}','10~20',288,NULL,NULL),(126,'{a}','1~50',293,NULL,NULL),(127,'{b}','10~60',293,NULL,NULL),(128,'{a}','1~50',295,NULL,NULL),(129,'{b}','10~60',295,NULL,NULL),(130,'{c}','10~20',295,NULL,NULL),(131,'{a}','1~50',296,NULL,NULL),(132,'{b}','10~60',296,NULL,NULL),(136,'{x}','1,2,3,4,5,6,7,8,9',303,NULL,NULL),(137,'{area}',' 10~500',306,NULL,NULL),(146,'{a}','1~50',316,NULL,NULL),(147,'{b}','10~60',316,NULL,NULL),(148,'{c}','1~10',316,NULL,NULL),(149,'{d}','1,2,3,4,5',316,NULL,NULL),(150,'{a}','1~50',317,NULL,NULL),(151,'{b}','10~60',317,NULL,NULL),(152,'{c}','1~10',317,NULL,NULL),(153,'{d}','1,2,3,4,5',317,NULL,NULL),(154,'{a}','1~50',318,NULL,NULL),(155,'{b}','10~60',318,NULL,NULL),(156,'{c}','1~10',318,NULL,NULL),(157,'{d}','1,2,3,4,5',318,NULL,NULL),(158,'{a}','1~50',319,NULL,NULL),(159,'{b}','10~60',319,NULL,NULL),(160,'{c}','1~10',319,NULL,NULL),(161,'{d}','1,2,3,4,5',319,NULL,NULL),(162,'{a}','1~50',322,NULL,NULL),(163,'{b}','10~60',322,NULL,NULL),(164,'{c}','1~10',322,NULL,NULL),(165,'{d}','1,2,3,4,5',322,NULL,NULL),(166,'{a}','1~50',323,NULL,NULL),(167,'{b}','10~60',323,NULL,NULL),(168,'{c}','1~10',323,NULL,NULL),(169,'{d}','1,2,3,4,5',323,NULL,NULL),(170,'{a}','1~50',324,NULL,NULL),(171,'{b}','10~60',324,NULL,NULL),(172,'{c}','1~10',324,NULL,NULL),(173,'{d}','1,2,3,4,5',324,NULL,NULL),(174,'{a}','1~50',325,NULL,NULL),(175,'{b}','10~60',325,NULL,NULL),(176,'{c}','1~10',325,NULL,NULL),(177,'{d}','1,2,3,4,5',325,NULL,NULL),(178,'{a}','100~500',326,NULL,NULL),(179,'{b}','10,20,30,40,50',326,NULL,NULL),(180,'{a}','100~500',327,NULL,NULL),(181,'{b}','10,20,30,40,50',327,NULL,NULL),(182,'{a}','100~500',328,NULL,NULL),(183,'{b}','10,20,30,40,50',328,NULL,NULL),(184,'{a}','100~500',329,NULL,NULL),(185,'{b}','10,20,30,40,50',329,NULL,NULL),(197,'{impresoras}','3,5,7,9',334,NULL,NULL),(198,'{horas}','2,3,4,6',334,NULL,NULL),(199,'{impresorasN}','6,7,8,9,0',334,NULL,NULL),(200,'{impresoras}','3,5,7,9',335,NULL,NULL),(201,'{horas}','2,3,4,6',335,NULL,NULL),(202,'{impresorasN}','6,7,8,9,0',335,NULL,NULL),(203,'{impresoras}','3,5,7,9',336,NULL,NULL),(204,'{horas}','2,3,4,6',336,NULL,NULL),(205,'{impresorasN}','6,7,8,9,0',336,NULL,NULL),(206,'{impresoras}','3,5,7,9',337,NULL,NULL),(207,'{horas}','2,3,4,6',337,NULL,NULL),(208,'{impresorasN}','6,7,8,9,0',337,NULL,NULL),(209,'{a}','1~50',338,NULL,NULL),(210,'{b}','10~60',338,NULL,NULL),(211,'{c}','1~100',338,NULL,NULL),(212,'{d}','1,2,3,4,5',338,NULL,NULL),(213,'{e}','10~30',338,NULL,NULL),(214,'{f}','1~40',338,NULL,NULL),(215,'{a}','1~50',339,NULL,NULL),(216,'{b}','10~60',339,NULL,NULL),(217,'{c}','1~100',339,NULL,NULL),(218,'{d}','1,2,3,4,5',339,NULL,NULL),(219,'{e}','10~30',339,NULL,NULL),(220,'{f}','1~40',339,NULL,NULL),(221,'{a}','1~50',340,NULL,NULL),(222,'{b}','10~60',340,NULL,NULL),(223,'{c}','1~100',340,NULL,NULL),(224,'{d}','1,2,3,4,5',340,NULL,NULL),(225,'{e}','10~30',340,NULL,NULL),(226,'{f}','1~40',340,NULL,NULL),(227,'{a}','1~50',341,NULL,NULL),(228,'{b}','10~60',341,NULL,NULL),(229,'{c}','1~100',341,NULL,NULL),(230,'{d}','1,2,3,4,5',341,NULL,NULL),(231,'{e}','10~30',341,NULL,NULL),(232,'{f}','1~40',341,NULL,NULL),(245,'{a}','1~50',346,NULL,NULL),(246,'{b}','10~60',346,NULL,NULL),(247,'{c}','1~100',346,NULL,NULL),(248,'{d}','1,2,3,4,5',346,NULL,NULL),(249,'{e}','10~30',346,NULL,NULL),(250,'{f}','1~40',346,NULL,NULL),(251,'{a}','1~50',347,NULL,NULL),(252,'{b}','10~60',347,NULL,NULL),(253,'{c}','1~100',347,NULL,NULL),(254,'{d}','1,2,3,4,5',347,NULL,NULL),(255,'{e}','10~30',347,NULL,NULL),(256,'{f}','1~40',347,NULL,NULL),(257,'{a}','1~50',348,NULL,NULL),(258,'{b}','10~60',348,NULL,NULL),(259,'{c}','1~100',348,NULL,NULL),(260,'{d}','1,2,3,4,5',348,NULL,NULL),(261,'{e}','10~30',348,NULL,NULL),(262,'{f}','1~40',348,NULL,NULL),(263,'{a}','1~50',349,NULL,NULL),(264,'{b}','10~60',349,NULL,NULL),(265,'{c}','1~100',349,NULL,NULL),(266,'{d}','1,2,3,4,5',349,NULL,NULL),(267,'{e}','10~30',349,NULL,NULL),(268,'{f}','1~40',349,NULL,NULL),(269,'{a}','1~50',350,NULL,NULL),(270,'{b}','10~60',350,NULL,NULL),(271,'{c}','1~100',350,NULL,NULL),(272,'{d}','1,2,3,4,5',350,NULL,NULL),(273,'{e}','10~30',350,NULL,NULL),(274,'{f}','1~40',350,NULL,NULL),(275,'{a}','1~50',351,NULL,NULL),(276,'{b}','10~60',351,NULL,NULL),(277,'{c}','1~100',351,NULL,NULL),(278,'{d}','1,2,3,4,5',351,NULL,NULL),(279,'{e}','10~30',351,NULL,NULL),(280,'{f}','1~40',351,NULL,NULL),(281,'{a}','1~50',352,NULL,NULL),(282,'{b}','10~60',352,NULL,NULL),(283,'{c}','1~100',352,NULL,NULL),(284,'{d}','1,2,3,4,5',352,NULL,NULL),(285,'{e}','10~30',352,NULL,NULL),(286,'{f}','1~40',352,NULL,NULL),(287,'{a}','1~50',353,NULL,NULL),(288,'{b}','10~60',353,NULL,NULL),(289,'{c}','1~100',353,NULL,NULL),(290,'{d}','1,2,3,4,5',353,NULL,NULL),(291,'{e}','10~30',353,NULL,NULL),(292,'{f}','1~40',353,NULL,NULL),(293,'{a}','1~50',354,NULL,NULL),(294,'{b}','10~60',354,NULL,NULL),(295,'{c}','1~100',354,NULL,NULL),(296,'{d}','1,2,3,4,5',354,NULL,NULL),(297,'{e}','10~30',354,NULL,NULL),(298,'{f}','1~40',354,NULL,NULL),(299,'{a}','1~50',355,NULL,NULL),(300,'{b}','10~60',355,NULL,NULL),(301,'{c}','1~100',355,NULL,NULL),(302,'{d}','1,2,3,4,5',355,NULL,NULL),(303,'{e}','10~30',355,NULL,NULL),(304,'{f}','1~40',355,NULL,NULL),(305,'{a}','1~50',356,NULL,NULL),(306,'{b}','10~60',356,NULL,NULL),(307,'{c}','1~100',356,NULL,NULL),(308,'{d}','1,2,3,4,5',356,NULL,NULL),(309,'{e}','10~30',356,NULL,NULL),(310,'{f}','1~40',356,NULL,NULL),(311,'{a}','1~50',357,NULL,NULL),(312,'{b}','10~60',357,NULL,NULL),(313,'{c}','1~100',357,NULL,NULL),(314,'{d}','1,2,3,4,5',357,NULL,NULL),(315,'{e}','10~30',357,NULL,NULL),(316,'{f}','1~40',357,NULL,NULL),(317,'{x}','1~10',358,NULL,NULL),(318,'{a}','30~60',358,NULL,NULL),(319,'{x}','1~10',359,NULL,NULL),(320,'{a}','30~60',359,NULL,NULL),(321,'{x}','1~10',360,NULL,NULL),(322,'{a}','30~60',360,NULL,NULL),(323,'{x}','1~10',361,NULL,NULL),(324,'{a}','30~60',361,NULL,NULL),(325,'{ca}','40,70,20,100',362,NULL,NULL),(326,'{a}','20,10,90,60,75',362,NULL,NULL),(327,'{ca}','40,70,20,100',363,NULL,NULL),(328,'{a}','20,10,90,60,75',363,NULL,NULL),(329,'{ca}','40,70,20,100',364,NULL,NULL),(330,'{a}','20,10,90,60,75',364,NULL,NULL),(331,'{ca}','40,70,20,100',365,NULL,NULL),(332,'{a}','20,10,90,60,75',365,NULL,NULL),(342,'{a}','1~50',375,NULL,NULL),(343,'{b}','10~60',375,NULL,NULL),(344,'{a}','1~50',376,NULL,NULL),(345,'{b}','10~60',376,NULL,NULL),(346,'{a}','1~50',377,NULL,NULL),(355,'{a}','1~50 ',310,NULL,NULL),(356,'{b}','2~7',310,NULL,NULL),(358,'{radio}','10~500',383,NULL,NULL),(359,'{a}','1~50',300,NULL,NULL),(360,'{b}','10~60',300,NULL,NULL),(361,'{c}','10~20',300,NULL,NULL),(364,'{cNaranjas}','1000~5000',384,NULL,NULL),(365,'{cajas}','40~100',384,NULL,NULL),(366,'{cNaranjas}','1000~5000',385,NULL,NULL),(367,'{cajas}','40~100',385,NULL,NULL),(368,'{cNaranjas}','1000~5000',386,NULL,NULL),(369,'{cajas}','40~100',386,NULL,NULL),(370,'{cNaranjas}','1000~5000',387,NULL,NULL),(371,'{cajas}','40~100',387,NULL,NULL),(402,'{h}','60~70',400,NULL,NULL),(403,'{a}','20,30,45,10,60',400,NULL,NULL),(404,'{h}','60~70',401,NULL,NULL),(405,'{a}','20,30,45,10,60',401,NULL,NULL),(406,'{h}','60~70',402,NULL,NULL),(407,'{a}','20,30,45,10,60',402,NULL,NULL),(408,'{h}','60~70',403,NULL,NULL),(409,'{a}','20,30,45,10,60',403,NULL,NULL),(410,'{area}','10~500',404,NULL,NULL),(411,'{area}','10~500',405,NULL,NULL),(436,'{a}','1~50',438,NULL,NULL),(437,'{b}','10~60',438,NULL,NULL),(438,'{c}','10~20',438,NULL,NULL),(439,'{a}','1~50',439,NULL,NULL),(440,'{b}','10~60',439,NULL,NULL),(441,'{c}','10~20',439,NULL,NULL),(442,'{a}','1~50',440,NULL,NULL),(443,'{b}','10~60',440,NULL,NULL),(444,'{c}','10~20',440,NULL,NULL),(445,'{a}','1~50',441,NULL,NULL),(446,'{b}','10~60',441,NULL,NULL),(447,'{a}','1~50',442,NULL,NULL),(448,'{B}','10~60',442,NULL,NULL),(449,'{a}','1~50',443,NULL,NULL),(450,'{B}','10~60',443,NULL,NULL),(459,'{a}','1~50',452,NULL,NULL),(460,'{b}','10~60',452,NULL,NULL),(461,'{a}','1~50',453,NULL,NULL),(462,'{b}','10~60',453,NULL,NULL),(463,'{a}','1~50',454,NULL,NULL),(464,'{b}','10~600',455,NULL,NULL),(465,'{a}','1~90',455,NULL,NULL),(466,'{b}','10~600',456,NULL,NULL),(467,'{a}','1~90',456,NULL,NULL),(468,'{b}','10~600',457,NULL,NULL),(469,'{a}','1~90',457,NULL,NULL),(470,'{a}','1~50',458,NULL,NULL),(471,'{b}','10~60',458,NULL,NULL),(472,'{a}','1~50',459,NULL,NULL),(473,'{b}','10~60',459,NULL,NULL),(474,'{a}','1~50',460,NULL,NULL),(475,'{a}','1~50',461,NULL,NULL),(476,'{b}','10~60',461,NULL,NULL),(477,'{a}','1~50',462,NULL,NULL),(478,'{b}','10~60',462,NULL,NULL),(479,'{a}','1~50',463,NULL,NULL),(480,'{a}','1~50',464,NULL,NULL),(481,'{b}','10~60',464,NULL,NULL),(482,'{a}','1~50',465,NULL,NULL),(483,'{b}','10~60',465,NULL,NULL),(484,'{a}','1~50',466,NULL,NULL),(485,'{a}','1~50',470,NULL,NULL),(486,'{b}','10~60',470,NULL,NULL),(487,'{c}','10~20',470,NULL,NULL),(488,'{a}','1~50',471,NULL,NULL),(489,'{b}','10~60',471,NULL,NULL),(490,'{c}','10~20',471,NULL,NULL),(491,'{a}','1~50',472,NULL,NULL),(492,'{c}','10~20',472,NULL,NULL),(493,'{a}','1~50',473,NULL,NULL),(494,'{b}','10~60',473,NULL,NULL),(495,'{c}','10~20',473,NULL,NULL),(496,'{a}','1~50',474,NULL,NULL),(497,'{b}','10~60',474,NULL,NULL),(498,'{c}','10~20',474,NULL,NULL),(499,'{a}','1~50',475,NULL,NULL),(500,'{c}','10~20',475,NULL,NULL),(501,'{a}','1~50',476,NULL,NULL),(502,'{b}','10~60',476,NULL,NULL),(503,'{c}','10~20',476,NULL,NULL),(504,'{a}','1~50',477,NULL,NULL),(505,'{b}','10~60',477,NULL,NULL),(506,'{c}','10~20',477,NULL,NULL),(507,'{a}','1~50',478,NULL,NULL),(508,'{c}','10~20',478,NULL,NULL),(509,'{a}','1~50',311,NULL,NULL),(510,'{b}','10~40',311,NULL,NULL),(511,'{c}','2~6',311,NULL,NULL),(520,'{a}','5~80',480,NULL,NULL),(521,'{b}','1~1000',480,NULL,NULL),(534,'{a}','1~50',479,NULL,NULL),(535,'{b}','10~60',479,NULL,NULL),(536,'{c}','10~60',479,NULL,NULL),(537,'{d}','1,2,3,4,5',479,NULL,NULL),(538,'{a}','1~501',60,NULL,NULL),(539,'{b}','10~60 ',60,NULL,NULL),(540,'{c}','1~10',60,NULL,NULL),(541,'{d}','1,2,3,4,5',60,NULL,NULL);
/*!40000 ALTER TABLE `comodines` ENABLE KEYS */;
UNLOCK TABLES;

--
-- Table structure for table `configuracion_cuestionarios`
--

DROP TABLE IF EXISTS `configuracion_cuestionarios`;
/*!40101 SET @saved_cs_client     = @@character_set_client */;
/*!50503 SET character_set_client = utf8mb4 */;
CREATE TABLE `configuracion_cuestionarios` (
  `id` int unsigned NOT NULL AUTO_INCREMENT,
  `created_at` datetime DEFAULT NULL,
  `updated_at` datetime DEFAULT NULL,
  `ponde_estricta` tinyint(1) DEFAULT NULL,
  `num_preguntas` int unsigned DEFAULT NULL,
  `num_preguntas_abiertas` int unsigned DEFAULT NULL,
  `num_preguntas_boleanas` int unsigned DEFAULT NULL,
  `num_preguntas_multiples` int unsigned DEFAULT NULL,
  `num_preguntas_calculadas` int unsigned DEFAULT NULL,
  `num_preguntas_numericas` int unsigned DEFAULT NULL,
  `num_preguntas_calculadas_multiples` int unsigned DEFAULT NULL,
  `rango_por_defecto` float(20,10) DEFAULT NULL,
  PRIMARY KEY (`id`)
) ENGINE=InnoDB AUTO_INCREMENT=2 DEFAULT CHARSET=utf8mb4 COLLATE=utf8mb4_0900_ai_ci;
/*!40101 SET character_set_client = @saved_cs_client */;

--
-- Dumping data for table `configuracion_cuestionarios`
--

LOCK TABLES `configuracion_cuestionarios` WRITE;
/*!40000 ALTER TABLE `configuracion_cuestionarios` DISABLE KEYS */;
INSERT INTO `configuracion_cuestionarios` VALUES (1,NULL,NULL,1,9,1,1,1,1,3,2,0.0099999998);
/*!40000 ALTER TABLE `configuracion_cuestionarios` ENABLE KEYS */;
UNLOCK TABLES;

--
-- Table structure for table `configuracion_preguntas_calculadas`
--

DROP TABLE IF EXISTS `configuracion_preguntas_calculadas`;
/*!40101 SET @saved_cs_client     = @@character_set_client */;
/*!50503 SET character_set_client = utf8mb4 */;
CREATE TABLE `configuracion_preguntas_calculadas` (
  `id` int unsigned NOT NULL AUTO_INCREMENT,
  `id_pregunta` int unsigned DEFAULT NULL,
  `decimales` int DEFAULT NULL,
  `created_at` datetime DEFAULT NULL,
  `updated_at` datetime DEFAULT NULL,
  PRIMARY KEY (`id`),
  KEY `configuracion_preguntas_calculadas_id_pregunta_foreign` (`id_pregunta`),
  CONSTRAINT `configuracion_preguntas_calculadas_id_pregunta_foreign` FOREIGN KEY (`id_pregunta`) REFERENCES `banco_preguntas` (`id`) ON DELETE CASCADE ON UPDATE CASCADE
) ENGINE=InnoDB AUTO_INCREMENT=115 DEFAULT CHARSET=utf8mb4 COLLATE=utf8mb4_0900_ai_ci;
/*!40101 SET character_set_client = @saved_cs_client */;

--
-- Dumping data for table `configuracion_preguntas_calculadas`
--

LOCK TABLES `configuracion_preguntas_calculadas` WRITE;
/*!40000 ALTER TABLE `configuracion_preguntas_calculadas` DISABLE KEYS */;
INSERT INTO `configuracion_preguntas_calculadas` VALUES (21,42,0,NULL,NULL),(22,54,0,NULL,NULL),(25,82,2,NULL,NULL),(27,102,0,NULL,NULL),(28,110,2,NULL,NULL),(29,114,0,NULL,NULL),(31,131,0,NULL,NULL),(33,136,1,NULL,NULL),(34,139,1,NULL,NULL),(35,143,1,NULL,NULL),(44,168,0,NULL,NULL),(45,169,0,NULL,NULL),(46,170,2,NULL,NULL),(47,171,2,NULL,NULL),(48,172,2,NULL,NULL),(49,174,2,NULL,NULL),(50,175,2,NULL,NULL),(51,179,4,NULL,NULL),(52,182,0,NULL,NULL),(53,185,2,NULL,NULL),(55,189,0,NULL,NULL),(56,190,0,NULL,NULL),(58,195,1,NULL,NULL),(59,198,1,NULL,NULL),(60,199,NULL,NULL,NULL),(62,201,NULL,NULL,NULL),(63,202,NULL,NULL,NULL),(65,204,2,NULL,NULL),(66,205,4,NULL,NULL),(67,206,2,NULL,NULL),(68,207,1,NULL,NULL),(69,208,1,NULL,NULL),(73,212,3,NULL,NULL),(76,218,0,NULL,NULL),(77,219,0,NULL,NULL),(81,223,NULL,NULL,NULL),(82,224,2,NULL,NULL),(97,239,2,NULL,NULL),(98,240,2,NULL,NULL),(101,243,NULL,NULL,NULL),(102,244,2,NULL,NULL),(103,245,2,NULL,NULL),(104,246,NULL,NULL,NULL),(105,247,NULL,NULL,NULL),(109,251,2,NULL,NULL),(110,252,NULL,NULL,NULL),(111,253,2,NULL,NULL),(112,254,0,NULL,NULL),(113,255,0,NULL,NULL);
/*!40000 ALTER TABLE `configuracion_preguntas_calculadas` ENABLE KEYS */;
UNLOCK TABLES;

--
-- Table structure for table `evidencia_expertos`
--

DROP TABLE IF EXISTS `evidencia_expertos`;
/*!40101 SET @saved_cs_client     = @@character_set_client */;
/*!50503 SET character_set_client = utf8mb4 */;
CREATE TABLE `evidencia_expertos` (
  `id` int unsigned NOT NULL AUTO_INCREMENT,
  `created_at` datetime DEFAULT NULL,
  `updated_at` datetime DEFAULT NULL,
  `id_usuario` int unsigned DEFAULT NULL,
  `id_tema` int unsigned DEFAULT NULL,
  `bajo` int DEFAULT NULL,
  `insuficiente` int DEFAULT NULL,
  `regular` int DEFAULT NULL,
  `bueno` int DEFAULT NULL,
  `excelente` int DEFAULT NULL,
  PRIMARY KEY (`id`),
  KEY `evidencia_expertos_id_usuario_foreign` (`id_usuario`),
  KEY `evidencia_expertos_id_tema_foreign` (`id_tema`),
  CONSTRAINT `evidencia_expertos_id_tema_foreign` FOREIGN KEY (`id_tema`) REFERENCES `temas` (`id`),
  CONSTRAINT `evidencia_expertos_id_usuario_foreign` FOREIGN KEY (`id_usuario`) REFERENCES `users` (`id`)
) ENGINE=InnoDB AUTO_INCREMENT=923 DEFAULT CHARSET=utf8mb4 COLLATE=utf8mb4_0900_ai_ci;
/*!40101 SET character_set_client = @saved_cs_client */;

--
-- Dumping data for table `evidencia_expertos`
--

LOCK TABLES `evidencia_expertos` WRITE;
/*!40000 ALTER TABLE `evidencia_expertos` DISABLE KEYS */;
INSERT INTO `evidencia_expertos` VALUES (23,NULL,NULL,36,12,10,20,20,30,20),(24,NULL,NULL,2,11,0,0,0,0,100),(25,NULL,NULL,2,12,8,12,20,40,20),(26,NULL,NULL,37,24,20,10,10,40,20),(27,NULL,NULL,37,78,0,0,0,0,100),(28,NULL,NULL,37,83,90,0,0,0,10),(29,NULL,NULL,4,94,20,20,20,20,20),(30,NULL,NULL,4,26,30,10,20,20,20),(31,NULL,NULL,4,58,0,0,0,50,50),(32,NULL,NULL,4,41,20,20,20,20,20),(33,NULL,NULL,4,50,20,20,20,20,20),(34,NULL,NULL,4,28,20,20,20,20,20),(35,NULL,NULL,4,29,20,20,30,20,10),(36,NULL,NULL,4,27,50,10,10,10,20),(37,NULL,NULL,1,12,NULL,NULL,NULL,NULL,100),(38,NULL,NULL,1,7,0,0,0,0,100),(39,NULL,NULL,1,94,1,0,0,0,99),(40,NULL,NULL,4,81,0,10,10,30,50),(41,NULL,NULL,4,12,20,21,19,20,20),(42,NULL,NULL,4,7,20,20,20,20,20),(43,NULL,NULL,4,37,20,20,20,20,20),(44,NULL,NULL,4,35,0,0,0,0,100),(45,NULL,NULL,4,6,25,40,5,10,20),(46,NULL,NULL,4,91,20,20,20,20,20),(47,NULL,NULL,1,26,0,0,0,0,100),(48,NULL,NULL,1,37,0,0,0,0,100),(49,NULL,NULL,4,100,20,20,20,20,20),(50,NULL,NULL,1,35,0,0,0,0,100),(51,NULL,NULL,39,94,60,10,10,10,10),(52,NULL,NULL,39,26,5,10,30,20,35),(53,NULL,NULL,40,43,20,10,10,10,50),(54,NULL,NULL,40,50,0,0,0,0,100),(55,NULL,NULL,40,63,0,0,0,0,100),(56,NULL,NULL,40,66,0,0,0,0,100),(57,NULL,NULL,40,94,100,0,0,0,0),(58,NULL,NULL,40,26,100,0,0,0,0),(59,NULL,NULL,40,12,0,100,0,0,0),(60,NULL,NULL,40,37,0,0,100,0,0),(61,NULL,NULL,40,7,100,0,0,0,0),(62,NULL,NULL,40,49,0,0,0,0,100),(63,NULL,NULL,40,48,0,0,0,0,100),(64,NULL,NULL,40,47,0,0,0,100,0),(65,NULL,NULL,40,46,100,0,0,0,0),(66,NULL,NULL,40,44,100,0,0,0,0),(67,NULL,NULL,40,54,0,0,0,0,100),(68,NULL,NULL,43,46,100,0,0,0,0),(69,NULL,NULL,43,44,100,0,0,0,0),(70,NULL,NULL,43,94,0,0,0,0,100),(71,NULL,NULL,42,94,40,10,5,10,35),(72,NULL,NULL,42,26,20,10,10,10,50),(73,NULL,NULL,42,12,0,0,0,0,100),(74,NULL,NULL,41,NULL,20,20,20,20,20),(75,NULL,NULL,42,7,10,10,20,20,40),(76,NULL,NULL,41,NULL,20,20,20,20,20),(77,NULL,NULL,42,9,20,20,20,20,20),(78,NULL,NULL,42,80,0,5,0,75,20),(79,NULL,NULL,42,11,100,0,0,0,0),(80,NULL,NULL,42,25,0,30,0,70,0),(81,NULL,NULL,42,39,0,0,20,30,50),(82,NULL,NULL,42,99,0,20,20,20,40),(83,NULL,NULL,42,27,10,10,15,10,55),(84,NULL,NULL,38,85,10,20,20,20,30),(85,NULL,NULL,39,12,9,40,30,11,10),(86,NULL,NULL,46,94,0,0,0,0,100),(87,NULL,NULL,46,26,0,0,0,0,100),(88,NULL,NULL,46,12,0,0,0,0,100),(89,NULL,NULL,46,37,0,0,0,0,100),(90,NULL,NULL,46,35,0,0,0,0,100),(91,NULL,NULL,46,6,0,0,0,0,100),(92,NULL,NULL,46,7,0,0,0,0,100),(93,NULL,NULL,46,81,0,0,0,0,100),(94,NULL,NULL,46,36,0,0,0,0,100),(95,NULL,NULL,46,8,0,0,0,0,100),(96,NULL,NULL,46,9,0,0,0,0,100),(101,NULL,NULL,39,44,20,20,20,20,20),(102,NULL,NULL,39,37,0,0,0,50,50),(103,NULL,NULL,39,35,20,20,20,20,20),(104,NULL,NULL,39,6,30,10,20,20,20),(105,NULL,NULL,39,7,30,10,20,20,20),(106,NULL,NULL,39,9,77,8,7,3,5),(107,NULL,NULL,38,94,10,10,20,40,20),(108,NULL,NULL,38,26,10,10,30,30,20),(109,NULL,NULL,38,12,10,10,20,50,10),(110,NULL,NULL,38,37,10,20,40,20,10),(111,NULL,NULL,38,35,20,20,20,35,5),(112,NULL,NULL,38,6,5,5,10,70,10),(113,NULL,NULL,38,7,10,10,20,20,40),(114,NULL,NULL,38,81,10,30,40,10,10),(115,NULL,NULL,38,36,10,20,55,5,10),(116,NULL,NULL,38,8,10,20,20,20,30),(117,NULL,NULL,38,9,5,5,20,40,30),(118,NULL,NULL,38,80,10,20,25,40,5),(119,NULL,NULL,38,11,40,10,5,35,10),(120,NULL,NULL,38,61,10,20,20,30,20),(121,NULL,NULL,38,62,10,20,30,20,20),(122,NULL,NULL,38,64,0,0,0,100,0),(124,NULL,NULL,38,30,5,5,50,30,10),(125,NULL,NULL,38,93,10,10,20,30,30),(126,NULL,NULL,38,25,20,20,10,30,20),(127,NULL,NULL,38,39,12,18,14,24,32),(128,NULL,NULL,38,99,9,16,27,34,14),(129,NULL,NULL,38,34,26,19,18,16,21),(130,NULL,NULL,38,33,15,15,20,30,20),(131,NULL,NULL,38,75,5,5,5,80,5),(132,NULL,NULL,38,74,7,16,17,45,15),(133,NULL,NULL,38,77,16,13,15,25,31),(134,NULL,NULL,38,27,9,15,23,41,12),(135,NULL,NULL,38,91,14,12,36,25,13),(136,NULL,NULL,38,100,45,16,14,13,12),(137,NULL,NULL,38,29,9,27,26,25,13),(138,NULL,NULL,38,28,10,9,28,27,26),(139,NULL,NULL,38,92,6,16,3,38,37),(140,NULL,NULL,38,32,8,11,28,27,26),(141,NULL,NULL,38,98,10,10,20,40,20),(142,NULL,NULL,38,10,10,20,20,30,20),(143,NULL,NULL,38,71,5,5,40,30,20),(144,NULL,NULL,38,31,5,28,26,26,15),(145,NULL,NULL,38,96,2,26,25,24,23),(146,NULL,NULL,38,97,10,10,20,30,30),(147,NULL,NULL,38,101,20,20,20,20,20),(148,NULL,NULL,38,95,5,5,30,30,30),(149,NULL,NULL,38,79,10,10,30,30,20),(151,NULL,NULL,38,59,20,15,25,25,15),(152,NULL,NULL,38,23,14,19,20,34,13),(153,NULL,NULL,38,63,2,9,28,44,17),(154,NULL,NULL,38,66,10,19,24,25,22),(155,NULL,NULL,38,90,20,20,20,20,20),(156,NULL,NULL,38,53,10,20,30,30,10),(157,NULL,NULL,38,19,10,20,25,40,5),(158,NULL,NULL,38,54,5,5,30,30,30),(159,NULL,NULL,38,55,20,20,30,20,10),(160,NULL,NULL,38,56,15,20,25,25,15),(161,NULL,NULL,38,57,2,26,34,25,13),(162,NULL,NULL,38,58,5,10,24,37,24),(163,NULL,NULL,38,60,16,15,25,34,10),(164,NULL,NULL,38,67,12,36,25,14,13),(165,NULL,NULL,38,65,13,25,25,24,13),(166,NULL,NULL,38,69,13,16,27,26,18),(167,NULL,NULL,38,73,10,15,25,25,25),(168,NULL,NULL,38,76,20,20,20,20,20),(169,NULL,NULL,38,24,20,20,20,20,20),(170,NULL,NULL,38,82,15,22,26,24,13),(171,NULL,NULL,38,78,10,17,26,24,23),(172,NULL,NULL,38,86,13,24,25,24,14),(173,NULL,NULL,38,84,0,0,0,100,0),(174,NULL,NULL,38,88,10,20,20,30,20),(175,NULL,NULL,38,89,5,15,25,35,20),(176,NULL,NULL,38,87,20,20,20,20,20),(177,NULL,NULL,38,83,10,20,20,30,20),(178,NULL,NULL,38,70,5,5,40,20,30),(179,NULL,NULL,38,41,20,20,20,20,20),(180,NULL,NULL,38,42,0,0,0,0,100),(181,NULL,NULL,38,43,100,0,0,0,0),(182,NULL,NULL,38,50,0,100,0,0,0),(183,NULL,NULL,38,49,0,50,50,0,0),(184,NULL,NULL,38,48,0,0,0,100,0),(185,NULL,NULL,38,47,0,0,0,0,100),(186,NULL,NULL,38,46,0,50,0,0,50),(187,NULL,NULL,38,44,50,0,0,50,0),(188,NULL,NULL,38,68,20,20,20,20,20),(189,NULL,NULL,38,72,0,20,15,50,15),(190,NULL,NULL,39,64,20,20,20,20,20),(191,NULL,NULL,39,64,20,20,20,20,20),(192,NULL,NULL,39,78,20,20,20,20,20),(193,NULL,NULL,39,78,20,20,20,20,20),(194,NULL,NULL,39,78,20,20,20,20,20),(195,NULL,NULL,39,61,20,20,10,20,30),(196,NULL,NULL,39,61,20,20,10,20,30),(197,NULL,NULL,39,81,20,20,20,20,20),(198,NULL,NULL,39,81,20,20,20,20,20),(199,NULL,NULL,39,81,20,20,20,20,20),(200,NULL,NULL,39,81,20,20,20,20,20),(201,NULL,NULL,39,81,20,20,20,20,20),(202,NULL,NULL,39,81,20,20,20,20,20),(203,NULL,NULL,39,81,20,20,20,20,20),(204,NULL,NULL,39,81,20,20,20,20,20),(205,NULL,NULL,39,81,20,20,20,20,20),(206,NULL,NULL,39,81,20,20,20,20,20),(207,NULL,NULL,39,81,20,20,20,20,20),(208,NULL,NULL,39,81,20,20,20,20,20),(209,NULL,NULL,39,81,20,20,20,20,20),(210,NULL,NULL,39,81,20,20,20,20,20),(211,NULL,NULL,39,81,20,20,20,20,20),(212,NULL,NULL,39,81,20,20,20,20,20),(213,NULL,NULL,39,81,20,20,20,20,20),(214,NULL,NULL,39,81,20,20,20,20,20),(215,NULL,NULL,39,81,20,20,20,20,20),(216,NULL,NULL,39,81,20,20,20,20,20),(217,NULL,NULL,39,81,20,20,20,20,20),(218,NULL,NULL,39,81,20,20,20,20,20),(219,NULL,NULL,39,81,20,20,20,20,20),(220,NULL,NULL,39,81,20,20,20,20,20),(221,NULL,NULL,4,10,90,4,3,2,1),(222,NULL,NULL,4,10,90,4,3,2,1),(223,NULL,NULL,4,71,20,20,20,20,20),(224,NULL,NULL,4,72,74,3,2,1,20),(225,NULL,NULL,4,61,20,19,20,21,20),(226,NULL,NULL,42,91,4,2,2,1,91),(227,NULL,NULL,42,100,25,3,50,12,10),(228,NULL,NULL,42,33,13,2,43,21,21),(229,NULL,NULL,42,34,0,40,50,10,0),(230,NULL,NULL,42,28,100,0,0,0,0),(231,NULL,NULL,42,92,40,20,20,20,0),(232,NULL,NULL,42,29,0,0,0,0,100),(233,NULL,NULL,42,30,30,30,30,8,2),(234,NULL,NULL,42,93,50,0,0,50,0),(235,NULL,NULL,42,101,20,20,20,30,10),(236,NULL,NULL,42,95,25,25,4,23,23),(237,NULL,NULL,42,31,30,10,15,20,25),(238,NULL,NULL,42,96,10,10,20,30,30),(239,NULL,NULL,42,97,30,5,20,5,40),(240,NULL,NULL,42,32,4,3,3,45,45),(241,NULL,NULL,42,98,15,15,10,10,50),(242,NULL,NULL,42,10,0,50,0,50,0),(243,NULL,NULL,42,71,100,0,0,0,0),(244,NULL,NULL,42,72,80,20,0,0,0),(245,NULL,NULL,42,73,100,0,0,0,0),(246,NULL,NULL,42,76,100,0,0,0,0),(247,NULL,NULL,42,75,9,4,2,35,50),(248,NULL,NULL,42,37,30,4,6,20,40),(249,NULL,NULL,42,35,20,20,7,33,20),(250,NULL,NULL,42,6,45,5,5,5,40),(251,NULL,NULL,42,81,66,4,22,8,0),(252,NULL,NULL,42,36,60,6,4,5,25),(253,NULL,NULL,42,8,36,33,22,5,4),(254,NULL,NULL,42,74,12,33,22,33,0),(255,NULL,NULL,42,77,6,12,4,44,34),(256,NULL,NULL,42,24,15,2,23,5,55),(257,NULL,NULL,42,82,1,0,0,44,55),(258,NULL,NULL,42,78,70,6,20,2,2),(259,NULL,NULL,42,83,10,10,3,44,33),(260,NULL,NULL,42,79,19,7,20,21,33),(261,NULL,NULL,42,86,4,2,2,2,90),(262,NULL,NULL,39,87,0,10,30,30,30),(263,NULL,NULL,42,84,50,50,0,0,0),(264,NULL,NULL,42,88,100,0,0,0,0),(265,NULL,NULL,42,89,30,50,20,0,0),(266,NULL,NULL,42,87,5,20,55,10,10),(267,NULL,NULL,42,90,0,0,100,0,0),(268,NULL,NULL,42,53,100,0,0,0,0),(269,NULL,NULL,42,19,20,50,10,10,10),(270,NULL,NULL,42,54,50,0,0,50,0),(271,NULL,NULL,42,55,0,100,0,0,0),(272,NULL,NULL,42,56,100,0,0,0,0),(273,NULL,NULL,42,57,5,55,30,8,2),(274,NULL,NULL,39,36,60,10,10,10,10),(275,NULL,NULL,42,58,55,45,0,0,0),(276,NULL,NULL,42,60,100,0,0,0,0),(277,NULL,NULL,42,59,0,100,0,0,0),(278,NULL,NULL,42,23,0,25,25,25,25),(279,NULL,NULL,42,85,0,0,0,100,0),(280,NULL,NULL,42,61,0,100,0,0,0),(281,NULL,NULL,42,62,100,0,0,0,0),(282,NULL,NULL,39,73,20,20,20,20,20),(283,NULL,NULL,42,64,10,10,10,20,50),(284,NULL,NULL,42,63,20,20,20,20,20),(285,NULL,NULL,42,66,10,25,25,20,20),(286,NULL,NULL,39,8,20,20,20,20,20),(287,NULL,NULL,42,67,10,40,20,10,20),(288,NULL,NULL,42,65,12,6,22,5,55),(289,NULL,NULL,42,69,100,0,0,0,0),(290,NULL,NULL,42,68,52,25,3,20,0),(291,NULL,NULL,42,70,25,25,5,10,35),(292,NULL,NULL,42,41,30,5,25,20,20),(293,NULL,NULL,42,42,10,10,20,30,30),(294,NULL,NULL,42,43,0,1,33,33,33),(295,NULL,NULL,42,50,21,12,21,12,34),(296,NULL,NULL,42,49,15,5,20,10,50),(297,NULL,NULL,42,48,20,20,30,20,10),(298,NULL,NULL,42,47,20,20,20,20,20),(299,NULL,NULL,42,46,80,5,5,5,5),(300,NULL,NULL,42,44,10,10,4,66,10),(301,NULL,NULL,1,78,0,0,0,50,50),(302,NULL,NULL,39,80,20,20,20,20,20),(303,NULL,NULL,39,76,20,20,20,20,20),(304,NULL,NULL,39,75,48,29,8,5,10),(305,NULL,NULL,39,74,50,20,10,10,10),(306,NULL,NULL,41,94,10,20,5,35,30),(307,NULL,NULL,41,26,20,10,10,10,50),(308,NULL,NULL,41,12,10,10,30,30,20),(309,NULL,NULL,41,37,20,10,20,30,20),(310,NULL,NULL,41,35,20,20,20,20,20),(311,NULL,NULL,41,6,100,0,0,0,0),(312,NULL,NULL,41,81,80,10,0,5,5),(313,NULL,NULL,41,36,0,0,0,0,100),(314,NULL,NULL,41,8,0,0,0,0,100),(315,NULL,NULL,41,9,20,20,20,20,20),(316,NULL,NULL,41,11,20,20,30,15,15),(317,NULL,NULL,41,25,5,5,30,30,30),(318,NULL,NULL,41,39,60,10,10,10,10),(319,NULL,NULL,41,99,5,5,5,25,60),(320,NULL,NULL,41,34,92,2,2,2,2),(321,NULL,NULL,41,33,96,1,1,1,1),(322,NULL,NULL,41,27,10,10,60,10,10),(323,NULL,NULL,41,91,80,10,10,0,0),(324,NULL,NULL,41,100,0,0,0,30,70),(325,NULL,NULL,41,29,88,5,5,1,1),(326,NULL,NULL,41,28,72,7,7,7,7),(327,NULL,NULL,41,28,72,7,7,7,7),(328,NULL,NULL,41,30,60,10,10,10,10),(329,NULL,NULL,41,93,10,15,25,25,25),(330,NULL,NULL,41,101,10,5,5,40,40),(331,NULL,NULL,41,95,1,1,4,4,90),(332,NULL,NULL,41,31,76,6,6,6,6),(333,NULL,NULL,41,96,54,2,2,2,40),(334,NULL,NULL,41,97,40,15,15,15,15),(335,NULL,NULL,41,32,16,21,21,21,21),(336,NULL,NULL,41,98,17,1,1,1,80),(337,NULL,NULL,41,10,20,20,20,20,20),(338,NULL,NULL,41,71,56,20,20,2,2),(339,NULL,NULL,41,72,20,20,20,20,20),(340,NULL,NULL,41,73,20,20,20,20,20),(341,NULL,NULL,41,76,20,20,20,20,20),(342,NULL,NULL,41,75,30,10,30,20,10),(343,NULL,NULL,41,74,20,20,20,20,20),(344,NULL,NULL,41,77,10,10,10,35,35),(345,NULL,NULL,41,24,0,40,30,20,10),(346,NULL,NULL,41,82,60,10,10,10,10),(347,NULL,NULL,41,78,20,20,20,20,20),(348,NULL,NULL,41,83,20,20,20,20,20),(349,NULL,NULL,41,79,0,40,10,20,30),(350,NULL,NULL,41,86,64,9,9,9,9),(351,NULL,NULL,41,85,10,10,10,10,60),(352,NULL,NULL,41,84,12,22,22,22,22),(353,NULL,NULL,41,88,10,10,60,10,10),(354,NULL,NULL,41,89,20,20,20,20,20),(355,NULL,NULL,41,87,0,0,0,40,60),(356,NULL,NULL,41,90,30,0,0,0,70),(357,NULL,NULL,41,53,20,20,20,20,20),(358,NULL,NULL,41,19,2,20,26,26,26),(359,NULL,NULL,41,54,60,10,10,10,10),(360,NULL,NULL,41,55,1,1,1,7,90),(361,NULL,NULL,41,56,10,20,20,20,30),(362,NULL,NULL,41,57,10,15,25,5,45),(363,NULL,NULL,41,58,20,20,20,20,20),(364,NULL,NULL,41,60,20,20,20,20,20),(365,NULL,NULL,41,59,20,20,20,20,20),(366,NULL,NULL,41,61,10,10,20,4,56),(367,NULL,NULL,41,64,0,70,10,10,10),(368,NULL,NULL,41,63,25,0,25,15,35),(369,NULL,NULL,41,66,60,10,10,10,10),(370,NULL,NULL,41,67,0,0,10,10,80),(371,NULL,NULL,41,65,1,4,5,5,85),(372,NULL,NULL,41,68,20,20,20,20,20),(373,NULL,NULL,41,70,10,10,10,1,69),(374,NULL,NULL,41,41,35,50,5,5,5),(375,NULL,NULL,41,42,19,21,5,40,15),(376,NULL,NULL,41,43,20,20,20,20,20),(377,NULL,NULL,41,50,20,20,20,20,20),(378,NULL,NULL,41,49,60,10,10,10,10),(379,NULL,NULL,41,48,40,15,15,15,15),(380,NULL,NULL,41,47,5,5,4,32,54),(381,NULL,NULL,41,46,10,10,20,50,10),(382,NULL,NULL,41,44,20,20,20,20,20),(383,NULL,NULL,41,7,40,10,10,10,30),(384,NULL,NULL,41,80,20,20,20,20,20),(385,NULL,NULL,41,23,20,20,20,20,20),(386,NULL,NULL,41,62,20,20,20,20,20),(387,NULL,NULL,41,69,20,20,20,20,20),(388,NULL,NULL,41,92,20,20,20,20,20),(389,NULL,NULL,60,94,0,0,0,0,100),(390,NULL,NULL,60,26,0,0,0,100,0),(391,NULL,NULL,60,12,100,0,0,0,0),(392,NULL,NULL,60,37,0,0,100,0,0),(393,NULL,NULL,60,44,100,0,0,0,0),(394,NULL,NULL,60,35,100,0,0,0,0),(395,NULL,NULL,60,6,100,0,0,0,0),(396,NULL,NULL,60,7,0,0,100,0,0),(397,NULL,NULL,60,81,0,0,0,0,100),(398,NULL,NULL,60,73,0,0,0,0,100),(399,NULL,NULL,60,67,0,0,0,0,100),(400,NULL,NULL,60,36,0,0,0,0,100),(401,NULL,NULL,60,8,100,0,0,0,0),(402,NULL,NULL,60,9,100,0,0,0,0),(403,NULL,NULL,60,80,100,0,0,0,0),(404,NULL,NULL,60,11,100,0,0,0,0),(405,NULL,NULL,60,25,100,0,0,0,0),(406,NULL,NULL,60,39,100,0,0,0,0),(407,NULL,NULL,60,99,100,0,0,0,0),(408,NULL,NULL,60,34,100,0,0,0,0),(409,NULL,NULL,60,33,0,100,0,0,0),(410,NULL,NULL,60,27,0,0,0,100,0),(411,NULL,NULL,60,91,0,0,0,0,100),(412,NULL,NULL,60,100,0,0,0,0,100),(413,NULL,NULL,60,29,100,0,0,0,0),(414,NULL,NULL,60,28,100,0,0,0,0),(415,NULL,NULL,60,92,100,0,0,0,0),(416,NULL,NULL,60,30,100,0,0,0,0),(417,NULL,NULL,60,93,100,0,0,0,0),(418,NULL,NULL,60,101,100,0,0,0,0),(419,NULL,NULL,60,95,0,0,0,0,100),(420,NULL,NULL,60,31,100,0,0,0,0),(421,NULL,NULL,60,96,0,0,100,0,0),(422,NULL,NULL,60,97,100,0,0,0,0),(423,NULL,NULL,60,32,0,100,0,0,0),(424,NULL,NULL,60,98,0,0,100,0,0),(425,NULL,NULL,60,10,0,0,0,100,0),(426,NULL,NULL,60,71,0,0,0,100,0),(427,NULL,NULL,60,72,0,0,100,0,0),(428,NULL,NULL,60,76,0,0,0,0,100),(429,NULL,NULL,60,75,100,0,0,0,0),(430,NULL,NULL,60,74,0,100,0,0,0),(431,NULL,NULL,60,78,0,0,0,0,100),(432,NULL,NULL,60,50,0,0,0,0,100),(433,NULL,NULL,60,49,0,0,0,0,100),(434,NULL,NULL,60,48,0,0,0,100,0),(435,NULL,NULL,60,47,0,0,100,0,0),(436,NULL,NULL,60,46,0,100,0,0,0),(437,NULL,NULL,60,53,0,0,0,0,100),(438,NULL,NULL,60,19,100,0,0,0,0),(439,NULL,NULL,60,54,100,0,0,0,0),(440,NULL,NULL,60,55,100,0,0,0,0),(441,NULL,NULL,60,56,100,0,0,0,0),(442,NULL,NULL,60,57,100,0,0,0,0),(443,NULL,NULL,60,58,100,0,0,0,0),(444,NULL,NULL,60,60,0,0,0,0,100),(445,NULL,NULL,60,59,100,0,0,0,0),(446,NULL,NULL,60,23,100,0,0,0,0),(447,NULL,NULL,60,61,100,0,0,0,0),(448,NULL,NULL,60,62,100,0,0,0,0),(449,NULL,NULL,60,64,100,0,0,0,0),(450,NULL,NULL,60,63,100,0,0,0,0),(451,NULL,NULL,60,66,100,0,0,0,0),(452,NULL,NULL,60,77,0,0,0,0,100),(453,NULL,NULL,60,24,0,100,0,0,0),(454,NULL,NULL,60,82,0,100,0,0,0),(455,NULL,NULL,60,83,0,0,0,0,100),(456,NULL,NULL,60,79,100,0,0,0,0),(457,NULL,NULL,60,86,100,0,0,0,0),(458,NULL,NULL,60,85,100,0,0,0,0),(459,NULL,NULL,60,84,100,0,0,0,0),(460,NULL,NULL,60,88,100,0,0,0,0),(461,NULL,NULL,60,89,100,0,0,0,0),(462,NULL,NULL,60,87,100,0,0,0,0),(463,NULL,NULL,60,90,100,0,0,0,0),(464,NULL,NULL,60,65,100,0,0,0,0),(465,NULL,NULL,60,69,100,0,0,0,0),(466,NULL,NULL,60,68,100,0,0,0,0),(467,NULL,NULL,60,70,100,0,0,0,0),(468,NULL,NULL,60,41,100,0,0,0,0),(469,NULL,NULL,60,42,100,0,0,0,0),(470,NULL,NULL,60,43,100,0,0,0,0),(471,NULL,NULL,4,76,0,0,0,0,100),(472,NULL,NULL,1,6,0,0,0,0,100),(473,NULL,NULL,1,81,0,0,0,0,100),(474,NULL,NULL,1,88,0,0,0,0,100),(475,NULL,NULL,1,89,0,0,0,100,0),(476,NULL,NULL,1,87,0,0,100,0,0),(477,NULL,NULL,1,90,0,100,0,0,0),(478,NULL,NULL,1,53,0,0,0,0,100),(479,NULL,NULL,1,56,0,0,0,0,100),(480,NULL,NULL,1,66,0,0,0,0,100),(481,NULL,NULL,1,25,0,0,0,0,100),(482,NULL,NULL,1,93,0,0,0,0,100),(483,NULL,NULL,1,9,0,0,0,0,100),(484,NULL,NULL,1,11,0,0,0,0,100),(485,NULL,NULL,39,54,0,0,0,0,100),(486,NULL,NULL,49,66,11,30,4,5,50),(487,NULL,NULL,49,94,61,32,0,2,5),(488,NULL,NULL,49,26,0,45,11,20,24),(489,NULL,NULL,49,11,0,0,54,22,24),(490,NULL,NULL,49,100,9,8,27,14,42),(491,NULL,NULL,49,93,0,20,23,0,57),(492,NULL,NULL,49,44,0,0,50,0,50),(493,NULL,NULL,49,56,54,31,0,0,15),(494,NULL,NULL,49,55,100,0,0,0,0),(495,NULL,NULL,49,12,6,5,24,53,12),(496,NULL,NULL,49,37,11,24,35,25,5),(497,NULL,NULL,49,36,10,20,11,10,49),(498,NULL,NULL,49,71,0,0,50,50,0),(499,NULL,NULL,49,61,0,25,25,25,25),(504,NULL,NULL,48,94,11,20,6,53,10),(505,NULL,NULL,49,82,46,0,4,0,50),(506,NULL,NULL,49,78,20,20,30,20,10),(507,NULL,NULL,49,87,0,0,0,0,100),(508,NULL,NULL,49,24,0,0,80,0,20),(509,NULL,NULL,49,83,10,15,15,10,50),(510,NULL,NULL,49,79,5,5,10,60,20),(511,NULL,NULL,49,35,3,5,9,31,52),(512,NULL,NULL,49,84,0,2,8,60,30),(513,NULL,NULL,49,50,50,0,0,0,50),(514,NULL,NULL,49,48,1,20,25,50,4),(515,NULL,NULL,49,47,20,3,6,6,65),(516,NULL,NULL,49,85,24,5,1,16,54),(517,NULL,NULL,49,23,60,0,20,0,20),(518,NULL,NULL,49,59,0,0,40,60,0),(519,NULL,NULL,49,10,10,5,20,5,60),(520,NULL,NULL,49,46,0,0,0,0,100),(521,NULL,NULL,49,49,20,30,0,50,0),(522,NULL,NULL,49,43,40,3,2,35,20),(523,NULL,NULL,49,67,0,0,0,100,0),(524,NULL,NULL,49,65,0,0,100,0,0),(525,NULL,NULL,49,69,30,0,50,0,20),(526,NULL,NULL,49,68,80,0,4,6,10),(527,NULL,NULL,49,70,0,100,0,0,0),(528,NULL,NULL,49,41,0,50,0,0,50),(529,NULL,NULL,49,42,0,30,20,0,50),(530,NULL,NULL,49,72,0,0,100,0,0),(531,NULL,NULL,49,73,5,5,5,50,35),(532,NULL,NULL,49,76,7,1,10,82,0),(533,NULL,NULL,49,86,10,0,50,40,0),(534,NULL,NULL,49,62,25,25,0,50,0),(535,NULL,NULL,49,74,0,10,5,80,5),(536,NULL,NULL,49,6,0,5,20,15,60),(537,NULL,NULL,49,75,60,0,32,6,2),(538,NULL,NULL,49,77,0,0,0,0,100),(539,NULL,NULL,49,64,0,0,6,15,79),(540,NULL,NULL,49,63,15,25,25,10,25),(541,NULL,NULL,49,19,0,0,0,0,100),(542,NULL,NULL,49,54,0,100,0,0,0),(543,NULL,NULL,49,57,0,25,25,25,25),(544,NULL,NULL,49,58,0,10,80,10,0),(545,NULL,NULL,49,60,50,0,50,0,0),(546,NULL,NULL,49,80,10,10,50,5,25),(547,NULL,NULL,63,94,0,40,30,20,10),(548,NULL,NULL,49,53,5,10,25,50,10),(549,NULL,NULL,49,7,0,100,0,0,0),(550,NULL,NULL,63,26,0,40,30,20,10),(551,NULL,NULL,49,81,16,24,0,50,10),(552,NULL,NULL,49,8,30,0,22,42,6),(553,NULL,NULL,49,9,41,7,7,15,30),(554,NULL,NULL,63,37,35,4,21,10,30),(555,NULL,NULL,49,89,0,31,4,25,40),(557,NULL,NULL,49,29,0,10,30,20,40),(558,NULL,NULL,49,28,5,5,25,20,45),(559,NULL,NULL,49,92,0,0,80,10,10),(560,NULL,NULL,49,30,5,20,25,25,25),(561,NULL,NULL,63,12,0,0,50,30,20),(562,NULL,NULL,63,35,50,20,15,10,5),(563,NULL,NULL,63,6,0,40,30,20,10),(564,NULL,NULL,48,26,10,5,5,71,9),(565,NULL,NULL,48,12,56,5,4,23,12),(566,NULL,NULL,63,7,0,82,10,3,5),(567,NULL,NULL,48,7,0,40,30,20,10),(568,NULL,NULL,63,9,0,40,30,20,10),(569,NULL,NULL,48,81,0,40,30,20,10),(570,NULL,NULL,63,80,0,14,3,13,70),(571,NULL,NULL,48,36,37,10,2,1,50),(572,NULL,NULL,63,11,0,40,30,20,10),(573,NULL,NULL,49,25,0,0,50,50,0),(574,NULL,NULL,49,39,0,50,25,25,0),(575,NULL,NULL,49,99,0,10,20,20,50),(576,NULL,NULL,49,34,0,0,10,0,90),(577,NULL,NULL,49,33,90,0,5,5,0),(578,NULL,NULL,49,27,0,0,80,10,10),(579,NULL,NULL,49,91,0,100,0,0,0),(580,NULL,NULL,49,88,0,0,0,0,100),(581,NULL,NULL,49,90,50,50,0,0,0),(582,NULL,NULL,49,95,25,25,25,25,0),(583,NULL,NULL,49,96,0,100,0,0,0),(584,NULL,NULL,49,97,0,10,10,80,0),(585,NULL,NULL,49,32,0,30,30,0,40),(586,NULL,NULL,49,98,20,0,20,40,20),(587,NULL,NULL,63,25,0,10,50,10,30),(588,NULL,NULL,49,101,100,0,0,0,0),(589,NULL,NULL,63,39,52,22,11,12,3),(590,NULL,NULL,49,31,5,5,50,30,10),(591,NULL,NULL,63,99,0,44,33,22,1),(592,NULL,NULL,63,34,0,30,4,22,44),(593,NULL,NULL,48,37,14,55,1,10,20),(594,NULL,NULL,48,35,39,20,15,6,20),(595,NULL,NULL,48,87,0,0,0,50,50),(596,NULL,NULL,48,90,28,20,50,1,1),(597,NULL,NULL,48,54,47,10,19,4,20),(598,NULL,NULL,58,94,20,20,20,20,20),(599,NULL,NULL,58,26,20,5,5,30,40),(600,NULL,NULL,58,12,20,20,10,25,25),(601,NULL,NULL,58,37,10,18,16,20,36),(602,NULL,NULL,54,94,15,20,30,30,5),(603,NULL,NULL,48,6,55,4,15,20,6),(604,NULL,NULL,54,26,8,20,40,30,2),(605,NULL,NULL,63,81,1,1,26,28,44),(606,NULL,NULL,63,36,1,23,27,29,20),(607,NULL,NULL,56,94,0,40,30,20,10),(608,NULL,NULL,56,26,17,6,45,12,20),(609,NULL,NULL,56,12,10,43,2,0,45),(610,NULL,NULL,56,37,0,0,0,0,100),(611,NULL,NULL,56,35,30,10,10,30,20),(612,NULL,NULL,1,83,0,0,0,0,100),(613,NULL,NULL,1,83,0,0,0,0,100),(614,NULL,NULL,1,83,0,0,0,0,100),(615,NULL,NULL,1,83,0,0,0,0,100),(616,NULL,NULL,1,83,0,0,0,0,100),(617,NULL,NULL,1,83,0,0,0,0,100),(618,NULL,NULL,1,19,0,0,0,0,100),(619,NULL,NULL,4,84,0,0,0,0,100),(620,NULL,NULL,1,27,0,0,0,0,100),(621,NULL,NULL,1,29,0,0,0,0,100),(622,NULL,NULL,1,28,0,0,0,0,100),(623,NULL,NULL,1,92,0,0,0,0,100),(624,NULL,NULL,1,30,0,0,0,0,100),(625,NULL,NULL,58,35,7,31,9,22,31),(626,NULL,NULL,58,6,10,20,10,30,30),(627,NULL,NULL,58,7,0,0,0,50,50),(628,NULL,NULL,58,81,0,0,0,0,100),(629,NULL,NULL,58,36,0,0,0,66,34),(630,NULL,NULL,58,8,4,23,4,24,45),(631,NULL,NULL,58,9,1,1,1,63,34),(632,NULL,NULL,58,80,11,19,31,27,12),(633,NULL,NULL,58,11,0,0,1,65,34),(634,NULL,NULL,58,25,4,3,2,56,35),(635,NULL,NULL,58,39,3,5,4,65,23),(636,NULL,NULL,58,99,4,5,23,23,45),(637,NULL,NULL,58,34,10,0,50,0,40),(638,NULL,NULL,58,33,4,5,34,12,45),(639,NULL,NULL,58,27,0,0,9,34,57),(640,NULL,NULL,58,91,45,6,49,0,0),(641,NULL,NULL,58,100,96,1,1,1,1),(643,NULL,NULL,58,29,0,0,100,0,0),(644,NULL,NULL,58,28,20,35,45,0,0),(645,NULL,NULL,58,92,1,0,0,54,45),(646,NULL,NULL,58,30,50,50,0,0,0),(647,NULL,NULL,58,93,20,20,20,40,0),(648,NULL,NULL,58,101,0,100,0,0,0),(649,NULL,NULL,58,95,10,20,20,50,0),(650,NULL,NULL,58,31,30,30,30,10,0),(651,NULL,NULL,58,96,0,3,9,34,54),(652,NULL,NULL,58,97,60,20,20,0,0),(653,NULL,NULL,58,32,0,50,50,0,0),(654,NULL,NULL,58,98,23,54,23,0,0),(655,NULL,NULL,58,10,12,43,45,0,0),(656,NULL,NULL,58,71,34,28,38,0,0),(657,NULL,NULL,58,72,12,34,54,0,0),(658,NULL,NULL,58,73,0,0,100,0,0),(659,NULL,NULL,58,76,30,30,40,0,0),(660,NULL,NULL,58,75,8,23,69,0,0),(661,NULL,NULL,58,74,0,20,40,40,0),(662,NULL,NULL,58,77,0,23,23,54,0),(663,NULL,NULL,58,24,1,34,0,65,0),(664,NULL,NULL,58,82,0,13,23,64,0),(665,NULL,NULL,58,78,0,20,0,80,0),(666,NULL,NULL,58,83,0,0,10,90,0),(667,NULL,NULL,58,79,10,10,0,80,0),(668,NULL,NULL,58,86,0,0,70,30,0),(669,NULL,NULL,58,85,0,0,95,5,0),(670,NULL,NULL,58,84,0,23,53,24,0),(671,NULL,NULL,58,88,0,0,33,67,0),(672,NULL,NULL,58,89,12,12,23,53,0),(673,NULL,NULL,58,87,0,0,52,48,0),(674,NULL,NULL,58,90,0,1,54,45,0),(675,NULL,NULL,58,53,30,40,30,0,0),(676,NULL,NULL,58,19,0,12,87,1,0),(677,NULL,NULL,58,54,0,13,23,64,0),(678,NULL,NULL,58,55,0,0,40,60,0),(679,NULL,NULL,58,56,0,0,90,10,0),(680,NULL,NULL,58,57,0,0,0,99,1),(681,NULL,NULL,58,58,9,54,37,0,0),(682,NULL,NULL,58,60,0,11,65,24,0),(683,NULL,NULL,58,59,0,0,100,0,0),(684,NULL,NULL,58,23,10,0,45,45,0),(685,NULL,NULL,58,61,0,14,43,43,0),(686,NULL,NULL,58,62,23,23,54,0,0),(687,NULL,NULL,58,64,0,35,65,0,0),(688,NULL,NULL,58,63,0,52,48,0,0),(689,NULL,NULL,58,66,80,10,10,0,0),(690,NULL,NULL,58,67,25,45,30,0,0),(691,NULL,NULL,58,65,34,12,54,0,0),(692,NULL,NULL,58,69,12,14,54,20,0),(693,NULL,NULL,58,68,0,0,100,0,0),(694,NULL,NULL,58,70,0,50,50,0,0),(695,NULL,NULL,58,41,0,10,14,76,0),(696,NULL,NULL,58,42,0,0,11,89,0),(697,NULL,NULL,58,43,33,13,54,0,0),(698,NULL,NULL,58,50,0,0,61,39,0),(699,NULL,NULL,58,49,10,16,74,0,0),(700,NULL,NULL,58,48,0,0,0,100,0),(701,NULL,NULL,58,47,0,55,45,0,0),(702,NULL,NULL,58,46,10,15,75,0,0),(703,NULL,NULL,58,44,20,10,20,50,0),(704,NULL,NULL,63,8,40,30,0,20,10),(705,NULL,NULL,63,33,0,40,30,20,10),(706,NULL,NULL,63,27,40,0,30,20,10),(707,NULL,NULL,63,91,0,40,30,20,10),(708,NULL,NULL,63,100,0,40,30,20,10),(710,NULL,NULL,63,29,0,40,30,20,10),(711,NULL,NULL,63,28,0,40,30,20,10),(712,NULL,NULL,63,92,0,40,30,20,10),(713,NULL,NULL,63,30,0,40,30,20,10),(714,NULL,NULL,63,93,0,40,30,20,10),(715,NULL,NULL,63,101,0,40,30,20,10),(716,NULL,NULL,63,95,0,40,30,20,10),(717,NULL,NULL,63,31,0,40,30,20,10),(718,NULL,NULL,63,96,0,40,30,20,10),(719,NULL,NULL,63,97,0,40,30,20,10),(720,NULL,NULL,63,32,0,40,30,20,10),(721,NULL,NULL,63,98,0,40,30,20,10),(722,NULL,NULL,63,10,0,40,30,20,10),(723,NULL,NULL,63,71,0,40,30,20,10),(724,NULL,NULL,63,72,0,40,30,20,10),(725,NULL,NULL,63,73,0,40,30,20,10),(726,NULL,NULL,63,76,0,40,30,20,10),(727,NULL,NULL,63,75,0,40,30,20,10),(728,NULL,NULL,63,74,40,0,30,20,10),(729,NULL,NULL,63,77,0,0,10,20,70),(730,NULL,NULL,63,24,0,1,19,80,0),(731,NULL,NULL,63,82,0,0,0,50,50),(732,NULL,NULL,63,78,0,0,1,69,30),(733,NULL,NULL,63,83,0,1,8,12,79),(734,NULL,NULL,63,79,0,2,5,3,90),(735,NULL,NULL,63,86,0,23,10,28,39),(736,NULL,NULL,63,85,0,0,0,1,99),(737,NULL,NULL,63,84,1,0,0,12,87),(738,NULL,NULL,63,88,0,0,10,50,40),(739,NULL,NULL,63,89,0,1,1,8,90),(740,NULL,NULL,63,87,0,28,35,24,13),(741,NULL,NULL,63,90,77,22,1,0,0),(742,NULL,NULL,63,53,0,0,1,44,55),(743,NULL,NULL,63,19,0,1,66,33,0),(744,NULL,NULL,63,54,0,0,10,2,88),(745,NULL,NULL,63,55,0,0,0,34,66),(746,NULL,NULL,63,56,0,0,1,77,22),(747,NULL,NULL,63,57,0,0,0,12,88),(748,NULL,NULL,63,58,0,0,1,59,40),(749,NULL,NULL,63,60,0,0,0,45,55),(750,NULL,NULL,63,59,0,10,0,18,72),(751,NULL,NULL,63,23,0,0,0,1,99),(752,NULL,NULL,63,61,1,1,10,22,66),(753,NULL,NULL,63,62,0,0,0,45,55),(754,NULL,NULL,63,64,0,0,1,10,89),(755,NULL,NULL,63,63,0,0,13,32,55),(756,NULL,NULL,63,66,0,0,0,50,50),(757,NULL,NULL,63,67,0,0,30,40,30),(758,NULL,NULL,63,65,0,0,10,30,60),(759,NULL,NULL,63,69,0,15,15,40,30),(760,NULL,NULL,63,68,0,4,0,16,80),(761,NULL,NULL,63,70,0,0,0,20,80),(762,NULL,NULL,63,41,5,5,10,40,40),(763,NULL,NULL,63,42,0,4,12,4,80),(764,NULL,NULL,63,43,5,1,32,58,4),(765,NULL,NULL,63,50,0,0,0,20,80),(766,NULL,NULL,63,49,0,37,4,20,39),(767,NULL,NULL,63,48,0,0,20,30,50),(768,NULL,NULL,63,47,0,0,10,30,60),(769,NULL,NULL,63,46,0,0,57,33,10),(770,NULL,NULL,52,94,0,69,1,20,10),(771,NULL,NULL,52,26,3,2,5,70,20),(772,NULL,NULL,52,12,59,36,3,1,1),(773,NULL,NULL,52,37,1,7,7,5,80),(774,NULL,NULL,52,35,0,0,0,100,0),(775,NULL,NULL,52,6,2,9,8,48,33),(776,NULL,NULL,52,7,41,44,7,4,4),(777,NULL,NULL,52,81,11,56,10,11,12),(778,NULL,NULL,52,36,56,11,11,11,11),(779,NULL,NULL,52,8,7,8,11,17,57),(780,NULL,NULL,52,9,0,0,0,88,12),(781,NULL,NULL,52,80,0,5,10,80,5),(782,NULL,NULL,52,11,7,1,1,88,3),(783,NULL,NULL,52,25,0,0,41,29,30),(784,NULL,NULL,52,39,99,0,0,0,1),(785,NULL,NULL,52,99,19,19,0,12,50),(786,NULL,NULL,52,34,0,0,9,45,46),(787,NULL,NULL,52,33,0,0,0,60,40),(788,NULL,NULL,52,27,11,0,0,89,0),(789,NULL,NULL,52,91,5,20,25,50,0),(790,NULL,NULL,52,100,0,0,55,45,0),(792,NULL,NULL,52,29,1,0,0,10,89),(793,NULL,NULL,52,28,0,1,11,44,44),(794,NULL,NULL,52,92,0,0,27,0,73),(795,NULL,NULL,52,30,100,0,0,0,0),(796,NULL,NULL,52,93,0,0,100,0,0),(797,NULL,NULL,52,101,0,0,20,80,0),(798,NULL,NULL,52,95,0,66,12,22,0),(799,NULL,NULL,52,31,0,0,0,0,100),(800,NULL,NULL,52,97,0,0,0,45,55),(801,NULL,NULL,52,96,0,0,0,0,100),(802,NULL,NULL,52,32,0,0,0,0,100),(803,NULL,NULL,52,98,0,0,12,88,0),(804,NULL,NULL,52,10,5,5,55,20,15),(805,NULL,NULL,52,71,0,0,44,44,12),(806,NULL,NULL,52,72,0,99,0,0,1),(807,NULL,NULL,52,73,2,0,0,88,10),(808,NULL,NULL,52,76,0,0,0,1,99),(809,NULL,NULL,52,75,0,75,25,0,0),(810,NULL,NULL,52,74,0,50,50,0,0),(811,NULL,NULL,52,77,0,1,11,75,13),(812,NULL,NULL,52,24,0,0,0,0,100),(813,NULL,NULL,52,82,0,0,0,100,0),(814,NULL,NULL,52,78,0,0,100,0,0),(815,NULL,NULL,52,83,0,100,0,0,0),(816,NULL,NULL,52,79,100,0,0,0,0),(817,NULL,NULL,52,86,52,12,12,12,12),(818,NULL,NULL,52,85,50,0,10,20,20),(819,NULL,NULL,52,84,0,100,0,0,0),(820,NULL,NULL,52,88,1,55,44,0,0),(821,NULL,NULL,52,89,0,0,5,50,45),(822,NULL,NULL,52,87,20,3,7,55,15),(823,NULL,NULL,52,90,0,10,20,70,0),(824,NULL,NULL,52,53,16,15,54,5,10),(825,NULL,NULL,52,19,8,66,22,2,2),(826,NULL,NULL,52,54,1,45,44,10,0),(827,NULL,NULL,52,55,15,20,10,40,15),(828,NULL,NULL,52,56,0,20,40,40,0),(829,NULL,NULL,52,57,0,45,45,10,0),(830,NULL,NULL,52,58,96,1,1,1,1),(831,NULL,NULL,52,60,2,1,13,45,39),(832,NULL,NULL,52,59,4,4,4,44,44),(833,NULL,NULL,52,23,0,0,80,20,0),(834,NULL,NULL,52,61,0,0,1,88,11),(835,NULL,NULL,52,62,0,0,0,100,0),(836,NULL,NULL,52,64,0,0,10,45,45),(837,NULL,NULL,52,63,0,0,0,80,20),(838,NULL,NULL,52,66,0,0,3,20,77),(839,NULL,NULL,52,67,44,56,0,0,0),(840,NULL,NULL,52,65,0,0,9,84,7),(841,NULL,NULL,52,69,0,0,0,0,100),(842,NULL,NULL,52,68,0,100,0,0,0),(843,NULL,NULL,52,70,0,2,44,54,0),(844,NULL,NULL,52,41,0,0,45,55,0),(845,NULL,NULL,52,42,0,0,0,46,54),(846,NULL,NULL,52,43,0,0,9,5,86),(847,NULL,NULL,52,50,10,45,45,0,0),(848,NULL,NULL,52,49,0,0,0,100,0),(849,NULL,NULL,52,48,0,0,45,45,10),(850,NULL,NULL,52,47,0,0,0,0,100),(851,NULL,NULL,52,46,5,44,11,40,0),(852,NULL,NULL,52,44,0,9,87,4,0),(853,NULL,NULL,1,36,0,0,0,0,100),(854,NULL,NULL,1,8,20,20,20,20,20),(855,NULL,NULL,1,101,0,0,0,0,100),(856,NULL,NULL,1,80,0,0,0,0,100),(857,NULL,NULL,61,26,0,0,0,0,100),(858,NULL,NULL,61,94,0,0,0,0,100),(859,NULL,NULL,61,12,0,0,0,0,100),(860,NULL,NULL,61,37,0,0,0,0,100),(861,NULL,NULL,61,35,0,0,0,0,100),(862,NULL,NULL,61,6,0,0,0,0,100),(863,NULL,NULL,61,7,0,0,0,0,100),(864,NULL,NULL,61,81,0,0,0,0,100),(865,NULL,NULL,61,36,0,0,0,0,100),(866,NULL,NULL,61,8,0,0,0,0,100),(867,NULL,NULL,61,9,0,0,0,0,100),(868,NULL,NULL,61,80,0,0,0,0,100),(869,NULL,NULL,61,11,0,0,0,0,100),(870,NULL,NULL,61,25,0,0,0,0,100),(871,NULL,NULL,61,39,0,0,0,0,100),(872,NULL,NULL,61,99,0,0,0,0,100),(873,NULL,NULL,61,34,0,0,0,0,100),(874,NULL,NULL,61,33,0,0,0,0,100),(875,NULL,NULL,61,27,0,0,0,0,100),(876,NULL,NULL,61,91,0,0,0,0,100),(877,NULL,NULL,61,100,0,0,0,0,100),(879,NULL,NULL,61,29,0,0,0,0,100),(880,NULL,NULL,61,28,0,0,0,0,100),(881,NULL,NULL,61,92,0,0,0,0,100),(882,NULL,NULL,61,30,0,0,0,0,100),(883,NULL,NULL,1,91,0,0,0,0,100),(884,NULL,NULL,61,93,0,0,0,0,100),(885,NULL,NULL,61,101,0,0,0,0,100),(886,NULL,NULL,61,95,0,0,0,0,100),(887,NULL,NULL,61,31,0,0,0,0,100),(888,NULL,NULL,1,95,0,0,0,0,100),(889,NULL,NULL,1,31,0,0,0,0,100),(890,NULL,NULL,1,96,0,0,0,0,100),(891,NULL,NULL,1,39,0,0,0,0,100),(892,NULL,NULL,61,96,0,0,0,0,100),(893,NULL,NULL,1,34,0,0,0,0,100),(894,NULL,NULL,1,33,0,0,0,0,100),(895,NULL,NULL,1,100,0,0,0,0,100),(897,NULL,NULL,1,99,0,0,0,0,100),(898,NULL,NULL,1,97,0,0,0,0,100),(899,NULL,NULL,1,32,0,0,0,0,100),(900,NULL,NULL,1,71,0,0,0,0,100),(901,NULL,NULL,1,72,0,0,0,0,100),(902,NULL,NULL,1,73,0,0,0,0,100),(903,NULL,NULL,1,76,0,0,0,0,100),(904,NULL,NULL,1,75,0,0,0,0,100),(905,NULL,NULL,1,74,0,0,0,0,100),(906,NULL,NULL,1,77,0,0,0,0,100),(907,NULL,NULL,1,24,0,0,0,0,100),(908,NULL,NULL,10,94,0,40,30,20,10),(909,NULL,NULL,61,98,0,0,0,0,100),(910,NULL,NULL,61,97,0,0,0,0,100),(911,NULL,NULL,61,32,0,0,0,0,100),(912,NULL,NULL,61,47,0,0,0,0,100),(913,NULL,NULL,61,50,0,0,0,0,100),(914,NULL,NULL,56,6,12,32,12,32,12),(915,NULL,NULL,39,11,10,20,30,30,10),(916,NULL,NULL,65,94,40,20,10,10,20),(917,NULL,NULL,65,26,0,0,0,0,100),(918,NULL,NULL,65,12,0,0,100,0,0),(919,NULL,NULL,65,37,0,0,0,0,100),(920,NULL,NULL,65,35,0,0,0,100,0),(921,NULL,NULL,65,6,0,0,0,100,0),(922,NULL,NULL,65,7,0,0,0,0,100);
/*!40000 ALTER TABLE `evidencia_expertos` ENABLE KEYS */;
UNLOCK TABLES;

--
-- Table structure for table `funcionalidad`
--

DROP TABLE IF EXISTS `funcionalidad`;
/*!40101 SET @saved_cs_client     = @@character_set_client */;
/*!50503 SET character_set_client = utf8mb4 */;
CREATE TABLE `funcionalidad` (
  `id` int unsigned NOT NULL AUTO_INCREMENT,
  `nombre` varchar(80) DEFAULT NULL,
  `descripcion` varchar(80) DEFAULT NULL,
  `id_grupo` int unsigned DEFAULT NULL,
  PRIMARY KEY (`id`),
  KEY `funcionalidad_id_grupo_foreign` (`id_grupo`),
  CONSTRAINT `funcionalidad_id_grupo_foreign` FOREIGN KEY (`id_grupo`) REFERENCES `grupo_funcionalidad` (`id`) ON DELETE CASCADE ON UPDATE CASCADE
) ENGINE=InnoDB AUTO_INCREMENT=3 DEFAULT CHARSET=utf8mb4 COLLATE=utf8mb4_0900_ai_ci;
/*!40101 SET character_set_client = @saved_cs_client */;

--
-- Dumping data for table `funcionalidad`
--

LOCK TABLES `funcionalidad` WRITE;
/*!40000 ALTER TABLE `funcionalidad` DISABLE KEYS */;
INSERT INTO `funcionalidad` VALUES (1,'Ver cuestionario','Permite acceder al cuestionario',1),(2,'Ver Arbol','Permite observar el arbol de conocimiento',2);
/*!40000 ALTER TABLE `funcionalidad` ENABLE KEYS */;
UNLOCK TABLES;

--
-- Table structure for table `funcionalidad_rol`
--

DROP TABLE IF EXISTS `funcionalidad_rol`;
/*!40101 SET @saved_cs_client     = @@character_set_client */;
/*!50503 SET character_set_client = utf8mb4 */;
CREATE TABLE `funcionalidad_rol` (
  `id` int unsigned NOT NULL AUTO_INCREMENT,
  `id_rol` int unsigned DEFAULT NULL,
  `id_funcionalidad` int unsigned DEFAULT NULL,
  `estado` int DEFAULT NULL,
  PRIMARY KEY (`id`),
  KEY `funcionalidad_rol_id_rol_foreign` (`id_rol`),
  KEY `funcionalidad_rol_id_funcionalidad_foreign` (`id_funcionalidad`),
  CONSTRAINT `funcionalidad_rol_id_funcionalidad_foreign` FOREIGN KEY (`id_funcionalidad`) REFERENCES `funcionalidad` (`id`) ON DELETE CASCADE ON UPDATE CASCADE,
  CONSTRAINT `funcionalidad_rol_id_rol_foreign` FOREIGN KEY (`id_rol`) REFERENCES `rols` (`id`)
) ENGINE=InnoDB AUTO_INCREMENT=3 DEFAULT CHARSET=utf8mb4 COLLATE=utf8mb4_0900_ai_ci;
/*!40101 SET character_set_client = @saved_cs_client */;

--
-- Dumping data for table `funcionalidad_rol`
--

LOCK TABLES `funcionalidad_rol` WRITE;
/*!40000 ALTER TABLE `funcionalidad_rol` DISABLE KEYS */;
INSERT INTO `funcionalidad_rol` VALUES (1,4,1,1),(2,2,2,1);
/*!40000 ALTER TABLE `funcionalidad_rol` ENABLE KEYS */;
UNLOCK TABLES;

--
-- Table structure for table `grupo_funcionalidad`
--

DROP TABLE IF EXISTS `grupo_funcionalidad`;
/*!40101 SET @saved_cs_client     = @@character_set_client */;
/*!50503 SET character_set_client = utf8mb4 */;
CREATE TABLE `grupo_funcionalidad` (
  `id` int unsigned NOT NULL AUTO_INCREMENT,
  `nombre` varchar(80) DEFAULT NULL,
  PRIMARY KEY (`id`)
) ENGINE=InnoDB AUTO_INCREMENT=3 DEFAULT CHARSET=utf8mb4 COLLATE=utf8mb4_0900_ai_ci;
/*!40101 SET character_set_client = @saved_cs_client */;

--
-- Dumping data for table `grupo_funcionalidad`
--

LOCK TABLES `grupo_funcionalidad` WRITE;
/*!40000 ALTER TABLE `grupo_funcionalidad` DISABLE KEYS */;
INSERT INTO `grupo_funcionalidad` VALUES (1,'Cuestionario'),(2,'Arbol');
/*!40000 ALTER TABLE `grupo_funcionalidad` ENABLE KEYS */;
UNLOCK TABLES;

--
-- Table structure for table `imagenes`
--

DROP TABLE IF EXISTS `imagenes`;
/*!40101 SET @saved_cs_client     = @@character_set_client */;
/*!50503 SET character_set_client = utf8mb4 */;
CREATE TABLE `imagenes` (
  `id` int NOT NULL AUTO_INCREMENT,
  `nombre` varchar(100) DEFAULT NULL,
  `alias` varchar(100) DEFAULT NULL,
  PRIMARY KEY (`id`)
) ENGINE=InnoDB AUTO_INCREMENT=9 DEFAULT CHARSET=utf8mb4 COLLATE=utf8mb4_0900_ai_ci;
/*!40101 SET character_set_client = @saved_cs_client */;

--
-- Dumping data for table `imagenes`
--

LOCK TABLES `imagenes` WRITE;
/*!40000 ALTER TABLE `imagenes` DISABLE KEYS */;
INSERT INTO `imagenes` VALUES (1,'SinImagen.png','Sin imagen'),(5,'1607447870306.png','triangulo'),(7,'1607494073253.png','circulo'),(8,'1622165615475.jpeg','lorito');
/*!40000 ALTER TABLE `imagenes` ENABLE KEYS */;
UNLOCK TABLES;

--
-- Table structure for table `margen_errors`
--

DROP TABLE IF EXISTS `margen_errors`;
/*!40101 SET @saved_cs_client     = @@character_set_client */;
/*!50503 SET character_set_client = utf8mb4 */;
CREATE TABLE `margen_errors` (
  `id` int unsigned NOT NULL AUTO_INCREMENT,
  `created_at` datetime DEFAULT NULL,
  `updated_at` datetime DEFAULT NULL,
  `id_pregunta` int unsigned DEFAULT NULL,
  `aplicableArriba` tinyint(1) DEFAULT NULL,
  `aplicableAnbajo` tinyint(1) DEFAULT NULL,
  `rango` float(20,10) DEFAULT NULL,
  PRIMARY KEY (`id`),
  KEY `margen_errors_id_pregunta_foreign` (`id_pregunta`),
  CONSTRAINT `margen_errors_id_pregunta_foreign` FOREIGN KEY (`id_pregunta`) REFERENCES `banco_preguntas` (`id`) ON DELETE CASCADE ON UPDATE CASCADE
) ENGINE=InnoDB AUTO_INCREMENT=102 DEFAULT CHARSET=utf8mb4 COLLATE=utf8mb4_0900_ai_ci;
/*!40101 SET character_set_client = @saved_cs_client */;

--
-- Dumping data for table `margen_errors`
--

LOCK TABLES `margen_errors` WRITE;
/*!40000 ALTER TABLE `margen_errors` DISABLE KEYS */;
INSERT INTO `margen_errors` VALUES (21,NULL,NULL,27,0,0,0.0000000000),(22,NULL,NULL,28,0,0,0.0000000000),(23,NULL,NULL,30,0,0,0.0000000000),(25,NULL,NULL,32,0,0,0.0000000000),(26,NULL,NULL,33,0,0,0.0000000000),(27,NULL,NULL,35,0,0,0.0000000000),(28,NULL,NULL,36,0,0,0.0000000000),(30,NULL,NULL,38,0,0,0.0000000000),(31,NULL,NULL,40,0,0,0.0000000000),(32,NULL,NULL,42,0,0,0.0000000000),(33,NULL,NULL,44,0,0,0.0000000000),(34,NULL,NULL,45,0,0,0.0000000000),(35,NULL,NULL,46,0,0,0.0000000000),(36,NULL,NULL,47,0,0,0.0000000000),(38,NULL,NULL,50,0,0,0.0000000000),(39,NULL,NULL,51,0,0,0.0000000000),(40,NULL,NULL,53,0,0,0.0000000000),(41,NULL,NULL,54,0,0,0.0000000000),(53,NULL,NULL,70,0,0,0.0000000000),(54,NULL,NULL,72,1,1,0.0099999998),(55,NULL,NULL,73,0,0,0.0000000000),(57,NULL,NULL,78,1,1,0.0099999998),(60,NULL,NULL,82,1,1,0.0199999996),(62,NULL,NULL,102,0,0,0.0000000000),(63,NULL,NULL,110,1,1,0.0199999996),(64,NULL,NULL,114,0,0,0.0000000000),(66,NULL,NULL,131,0,0,0.0000000000),(68,NULL,NULL,136,1,1,0.0099999998),(69,NULL,NULL,139,1,1,0.0099999998),(70,NULL,NULL,143,1,1,0.0099999998),(79,NULL,NULL,168,0,0,0.0000000000),(80,NULL,NULL,169,0,0,0.0000000000),(81,NULL,NULL,170,1,1,0.0199999996),(82,NULL,NULL,171,1,1,0.0199999996),(83,NULL,NULL,172,1,1,0.0199999996),(84,NULL,NULL,174,1,1,0.0199999996),(85,NULL,NULL,175,1,1,0.0199999996),(86,NULL,NULL,179,1,1,0.0199999996),(87,NULL,NULL,182,0,0,0.0000000000),(88,NULL,NULL,185,1,1,0.0199999996),(90,NULL,NULL,189,1,1,0.0000000000),(91,NULL,NULL,190,1,1,0.0000000000),(97,NULL,NULL,218,1,1,0.0099999998),(98,NULL,NULL,254,0,0,0.0000000000),(99,NULL,NULL,255,0,0,0.1000000015),(101,NULL,NULL,260,1,1,0.0099999998);
/*!40000 ALTER TABLE `margen_errors` ENABLE KEYS */;
UNLOCK TABLES;

--
-- Table structure for table `opciones`
--

DROP TABLE IF EXISTS `opciones`;
/*!40101 SET @saved_cs_client     = @@character_set_client */;
/*!50503 SET character_set_client = utf8mb4 */;
CREATE TABLE `opciones` (
  `id` int unsigned NOT NULL AUTO_INCREMENT,
  `opcion` varchar(300) DEFAULT NULL,
  `id_pregunta` int unsigned DEFAULT NULL,
  `esrespuesta` int DEFAULT NULL,
  `created_at` datetime DEFAULT NULL,
  `updated_at` datetime DEFAULT NULL,
  PRIMARY KEY (`id`),
  KEY `opciones_id_pregunta_foreign` (`id_pregunta`),
  CONSTRAINT `opciones_id_pregunta_foreign` FOREIGN KEY (`id_pregunta`) REFERENCES `banco_preguntas` (`id`) ON DELETE CASCADE ON UPDATE CASCADE
) ENGINE=InnoDB AUTO_INCREMENT=489 DEFAULT CHARSET=utf8mb4 COLLATE=utf8mb4_0900_ai_ci;
/*!40101 SET character_set_client = @saved_cs_client */;

--
-- Dumping data for table `opciones`
--

LOCK TABLES `opciones` WRITE;
/*!40000 ALTER TABLE `opciones` DISABLE KEYS */;
INSERT INTO `opciones` VALUES (34,'4',27,1,NULL,NULL),(35,'5',28,1,NULL,NULL),(36,'Naturales',29,1,NULL,NULL),(37,'Reales',29,0,NULL,NULL),(38,'Positivos',29,0,NULL,NULL),(39,'Negativos',29,0,NULL,NULL),(40,'7',30,1,NULL,NULL),(42,'15',32,1,NULL,NULL),(43,'4',33,1,NULL,NULL),(44,'+',34,1,NULL,NULL),(45,'-',34,0,NULL,NULL),(46,'x',34,0,NULL,NULL),(47,'/',34,0,NULL,NULL),(48,'5',35,1,NULL,NULL),(49,'10',36,1,NULL,NULL),(51,'2',38,1,NULL,NULL),(52,'100',39,0,NULL,NULL),(53,'110',39,1,NULL,NULL),(54,'90',39,0,NULL,NULL),(55,'200',39,0,NULL,NULL),(56,'4',40,1,NULL,NULL),(60,'{a} * ( {b} - {c} + {d} )',42,1,NULL,NULL),(61,'100',43,0,NULL,NULL),(62,'0',43,0,NULL,NULL),(63,'60',43,0,NULL,NULL),(64,'-100',43,1,NULL,NULL),(65,'4',44,1,NULL,NULL),(66,'9',45,1,NULL,NULL),(67,'2100',46,1,NULL,NULL),(68,'12',47,1,NULL,NULL),(69,'*',48,1,NULL,NULL),(70,'X',48,1,NULL,NULL),(71,'()',48,1,NULL,NULL),(72,'/',48,0,NULL,NULL),(74,'128',50,1,NULL,NULL),(75,'4',51,1,NULL,NULL),(76,'0',52,0,NULL,NULL),(77,'-50',52,0,NULL,NULL),(78,'500',52,0,NULL,NULL),(79,'50',52,1,NULL,NULL),(80,'496',53,1,NULL,NULL),(81,'( {a} * 100 ) / {b}',54,1,NULL,NULL),(83,'0',56,0,NULL,NULL),(84,'30',56,0,NULL,NULL),(85,'-1',56,0,NULL,NULL),(86,'infinito',56,1,NULL,NULL),(91,'30',61,0,NULL,NULL),(92,'100',61,0,NULL,NULL),(93,'10',61,1,NULL,NULL),(94,'5',61,0,NULL,NULL),(102,'+,-,*,/,()',69,0,NULL,NULL),(103,'(),*,/,+,-',69,1,NULL,NULL),(104,'*,(),/,-,+',69,0,NULL,NULL),(105,'+,*,-,/,()',69,0,NULL,NULL),(106,'15',70,1,NULL,NULL),(107,'verdadero',71,1,NULL,NULL),(108,'61.7',72,1,NULL,NULL),(109,'5',73,1,NULL,NULL),(110,'falso',74,1,NULL,NULL),(111,'75',75,0,NULL,NULL),(112,'250',75,0,NULL,NULL),(113,'35',75,1,NULL,NULL),(114,'20',75,0,NULL,NULL),(116,'verdadero',77,1,NULL,NULL),(117,'12.5',78,1,NULL,NULL),(118,'intervalocerrado',79,1,NULL,NULL),(121,'( {hectareas} / ( {fam1} + {fam2} + {fam3} ) * {fam2} )',82,1,NULL,NULL),(122,'numerosreales,Losnumerosreales,numeroreal',83,1,NULL,NULL),(123,'299',84,0,NULL,NULL),(124,'130',84,0,NULL,NULL),(125,'300',84,1,NULL,NULL),(126,'250',84,0,NULL,NULL),(127,'falso',85,1,NULL,NULL),(128,'verdadero',86,1,NULL,NULL),(129,'41.3',87,0,NULL,NULL),(130,'50.5',87,0,NULL,NULL),(131,'47.4',87,0,NULL,NULL),(132,'44.4',87,1,NULL,NULL),(133,'verdadero',88,1,NULL,NULL),(135,'falso',90,1,NULL,NULL),(141,'recuentocompleto',93,1,NULL,NULL),(142,'verdadero',94,1,NULL,NULL),(143,'falso',95,1,NULL,NULL),(148,'verdadero',97,1,NULL,NULL),(149,'falso',98,1,NULL,NULL),(150,'separacion',99,1,NULL,NULL),(156,'( ( {cNaranjas} / {cajas} ) / {cNaranjas} ) * 100',102,1,NULL,NULL),(160,'Circulo',106,1,NULL,NULL),(161,'triangulo',106,0,NULL,NULL),(162,'hecatontagono',106,0,NULL,NULL),(163,'ninguna',106,0,NULL,NULL),(164,'verdadero',107,1,NULL,NULL),(165,'verdadero',108,1,NULL,NULL),(167,'{impresoras} * {horas} / {impresorasN}',110,1,NULL,NULL),(169,'negativo',112,1,NULL,NULL),(170,'Hipotenusa',113,1,NULL,NULL),(171,'cateto opuesto',113,1,NULL,NULL),(172,'cateto cercano',113,0,NULL,NULL),(173,'cateto adyacente',113,1,NULL,NULL),(174,'max ( {a} , {b} , {c} , {d} , {e} , {f} )',114,1,NULL,NULL),(175,'Bayes',115,0,NULL,NULL),(176,'Pitágoras',115,1,NULL,NULL),(177,'Tales',115,0,NULL,NULL),(178,'Bernoulli',115,0,NULL,NULL),(179,'propiedadconmutativa',116,1,NULL,NULL),(187,'verdadero',121,1,NULL,NULL),(188,'propiedadasociativa',122,1,NULL,NULL),(189,'falso',123,1,NULL,NULL),(195,'cociente',126,1,NULL,NULL),(196,'divisor',127,1,NULL,NULL),(202,'parentesis',129,1,NULL,NULL),(203,'jerarquiadeoperadores',130,1,NULL,NULL),(204,'max ( {a} + {b} , {c} + {d} , {e} + {f} )',131,1,NULL,NULL),(205,'reglade3simple',132,1,NULL,NULL),(206,'Circulo',101,0,NULL,NULL),(207,'Pentágono',101,0,NULL,NULL),(208,'Pentadecágono',101,1,NULL,NULL),(209,'Icosaedro',101,0,NULL,NULL),(210,'elporcentage',133,1,NULL,NULL),(211,'Hexadecimal',26,1,NULL,NULL),(212,'Octal',26,0,NULL,NULL),(213,'Decimal',26,0,NULL,NULL),(214,'Hexal',26,1,NULL,NULL),(217,'{x} * tan ( {a} )',136,1,NULL,NULL),(218,'obtusangulo',137,1,NULL,NULL),(223,'{ca} / cos ( {a} )',139,1,NULL,NULL),(228,'triangulosrectangulos',141,1,NULL,NULL),(233,'{h} * sin ( {a} )',143,1,NULL,NULL),(234,'isosceles,escalenoyequilatero',144,1,NULL,NULL),(250,' 21.8',151,1,NULL,NULL),(251,'46.8',151,0,NULL,NULL),(252,'31.2',151,0,NULL,NULL),(253,'25,4',151,0,NULL,NULL),(256,'50',154,0,NULL,NULL),(257,'30',154,0,NULL,NULL),(258,'100',154,0,NULL,NULL),(259,'24',154,1,NULL,NULL),(263,'Centro',158,0,NULL,NULL),(264,'Radio',158,1,NULL,NULL),(265,'Diámetro',158,0,NULL,NULL),(266,'Arco',158,0,NULL,NULL),(269,'Arco',161,0,NULL,NULL),(270,'Diámetro',161,0,NULL,NULL),(271,'Tangente',161,0,NULL,NULL),(272,'Secante',161,1,NULL,NULL),(275,'1',164,1,NULL,NULL),(276,'0',164,0,NULL,NULL),(277,'indefinido',164,0,NULL,NULL),(278,'5',164,0,NULL,NULL),(285,'{a} + {b}',168,1,NULL,NULL),(286,'{a} + {b} + {c}',169,1,NULL,NULL),(287,'{a} - {b}',170,1,NULL,NULL),(288,'{a} - {b} - {c}',171,1,NULL,NULL),(293,'{a} * {b}',172,1,NULL,NULL),(294,'falso',173,1,NULL,NULL),(295,'{a} * {b} * {c}',174,1,NULL,NULL),(296,'{a} / {b}',175,1,NULL,NULL),(297,'porcentaje',176,1,NULL,NULL),(298,'verdadero',177,1,NULL,NULL),(299,'%',178,1,NULL,NULL),(300,'{a} / {b} / {c}',179,1,NULL,NULL),(301,'circunferencia',180,1,NULL,NULL),(303,'pow ( {x} , 2 ) + 2 * {x} * 3',182,1,NULL,NULL),(304,'verdadero',183,1,NULL,NULL),(305,'exponentes',184,1,NULL,NULL),(306,'sqrt ( {area} / pi ( ) )',185,1,NULL,NULL),(307,'exponentes',186,1,NULL,NULL),(308,'verdadero',187,1,NULL,NULL),(310,'pow ( {a} , {b} )',189,1,NULL,NULL),(311,'pow ( {a} + {b} , {c} )',190,1,NULL,NULL),(313,'verdadero',192,1,NULL,NULL),(314,'verdadero',193,1,NULL,NULL),(315,'verdadero',194,1,NULL,NULL),(316,'{a} - ( {b} * {c} - {d} )',195,1,NULL,NULL),(317,'{a} + ( {b} / {c} - {d} )',195,0,NULL,NULL),(318,'{a} * ( {b} - {c} + {d} )',195,0,NULL,NULL),(319,'{a} + ( {b} / {c} - {d} )',195,0,NULL,NULL),(322,'( {a} * ( {b} - {c} + {d} ) )',198,1,NULL,NULL),(323,'( {a} + ( {b} / {c} * {d} ) )',198,0,NULL,NULL),(324,'{a} / ( {b} * {c} + {d} )',198,0,NULL,NULL),(325,'{a} + ( {b} / {c} - {d} )',198,0,NULL,NULL),(326,'( {a} * 100 ) / {b}',199,1,NULL,NULL),(327,'{a} / ( {b} / 100 )',199,0,NULL,NULL),(328,'{a} + {b}',199,1,NULL,NULL),(329,'{a} / {b}',199,0,NULL,NULL),(334,'{impresoras} * {horas} / {impresorasN}',201,1,NULL,NULL),(335,'{impresoras} + {horas} / {impresorasN}',201,0,NULL,NULL),(336,'{impresoras} * {horas} * {impresorasN}',201,0,NULL,NULL),(337,'{impresoras} - {horas} / {impresorasN}',201,0,NULL,NULL),(338,'max ( {a} , {b} , {c} , {d} , {e} , {f} )',202,1,NULL,NULL),(339,'min ( {a} , {b} , {c} , {d} , {e} , {f} )',202,0,NULL,NULL),(340,'max ( {a} - {b} , {c} + {d} , {e} + {f} )',202,0,NULL,NULL),(341,'min ( {a} + {b} , {c} * {d} , {e} + {f} )',202,0,NULL,NULL),(346,'min ( {a} , {b} , {c} , {d} , {e} , {f} )',204,0,NULL,NULL),(347,'max ( {a} , {b} , {c} , {d} , {e} , {f} )',204,1,NULL,NULL),(348,'max ( {a} - {b} , {c} + {d} , {e} + {f} )',204,0,NULL,NULL),(349,'min ( {a} + {b} , {c} * {d} , {e} + {f} )',204,0,NULL,NULL),(350,'max ( {a} + {b} , {c} + {d} , {e} + {f} )',205,0,NULL,NULL),(351,'min ( {a} + {b} , {c} + {d} , {e} + {f} )',205,1,NULL,NULL),(352,'max ( {a} - {b} , {c} + {d} , {e} + {f} )',205,0,NULL,NULL),(353,'min ( {a} + {b} , {c} * {d} , {e} + {f} )',205,0,NULL,NULL),(354,'min ( {a} + {b} , {c} + {d} , {e} + {f} )',206,1,NULL,NULL),(355,'max ( {a} + {b} , {c} + {d} , {e} + {f} )',206,0,NULL,NULL),(356,'max ( {a} - {b} , {c} + {d} , {e} + {f} )',206,0,NULL,NULL),(357,'min ( {a} + {b} , {c} * {d} , {e} + {f} )',206,0,NULL,NULL),(358,'{x} * tan ( {a} )',207,1,NULL,NULL),(359,'{x} * {a}',207,0,NULL,NULL),(360,'tan ( {x} ) * {a}',207,0,NULL,NULL),(361,'{x} + tan ( {a} )',207,0,NULL,NULL),(362,'{ca} / cos ( {a} )',208,1,NULL,NULL),(363,'{ca} - cos ( {a} )',208,0,NULL,NULL),(364,'{ca} + cos ( {a} )',208,0,NULL,NULL),(365,'{ca} * cos ( {a} )',208,0,NULL,NULL),(375,'{a} + {b}',212,1,NULL,NULL),(376,'{a} - {b}',212,0,NULL,NULL),(377,'{a} + {a}',212,0,NULL,NULL),(383,'2 * pi ( ) * {radio}',218,1,NULL,NULL),(384,'( ( {cNaranjas} / {cajas} ) / {cNaranjas} ) * 100  ',219,1,NULL,NULL),(385,'( ( {cNaranjas} * {cajas} ) / {cNaranjas} ) * 100',219,0,NULL,NULL),(386,'( ( {cNaranjas} / {cajas} ) / {cNaranjas} ) / 100 ',219,0,NULL,NULL),(387,'( ( {cNaranjas} + {cajas} ) / {cNaranjas} ) / 100	',219,0,NULL,NULL),(400,'{h} * sin ( {a} )',223,1,NULL,NULL),(401,'{h} * cos ( {a} ) ',223,0,NULL,NULL),(402,'{h} + sin ( {a} ) ',223,0,NULL,NULL),(403,'{h} + cos ( {a} )',223,0,NULL,NULL),(404,'sqrt ( {area} / pi ( ) )',224,1,NULL,NULL),(405,'sqrt ( {area} / 3 )',224,0,NULL,NULL),(406,'pi ( )',224,0,NULL,NULL),(438,'pow ( {a} + {b} , {c} )',239,0,NULL,NULL),(439,'{a} * {b} * {c}',239,1,NULL,NULL),(440,'{a} + {b} + {c}',239,0,NULL,NULL),(441,'pow ( {a} , {b} )',240,1,NULL,NULL),(442,'{a} * {B}',240,0,NULL,NULL),(443,'{a} + {B}',240,1,NULL,NULL),(452,'{a} + {b}',243,1,NULL,NULL),(453,'{a} - {b}',243,0,NULL,NULL),(454,'{a} + {a}',243,0,NULL,NULL),(455,'{b} * ( {a} / 100 )',244,1,NULL,NULL),(456,'{b} * ( {a} / 10 )',244,0,NULL,NULL),(457,'{b} / {a}',244,0,NULL,NULL),(458,'{a} - {b}',245,0,NULL,NULL),(459,'{a} + {b}',245,1,NULL,NULL),(460,'{a} + {a}',245,0,NULL,NULL),(461,'{a} / {b} ',246,1,NULL,NULL),(462,' {a} - {b} ',246,0,NULL,NULL),(463,'{a} + {a}',246,0,NULL,NULL),(464,'{a} * {b}',247,1,NULL,NULL),(465,'{a} + {b}',247,1,NULL,NULL),(466,'{a} + {a}',247,0,NULL,NULL),(470,'{a} - {b} - {c}',251,1,NULL,NULL),(471,'{a} - {b} + {c}',251,0,NULL,NULL),(472,'{a} + {a} + {c}',251,0,NULL,NULL),(473,'{a} * {b} * {c}',252,1,NULL,NULL),(474,'{a} * {b} + {c}',252,0,NULL,NULL),(475,'{a} + {a} + {c}',252,0,NULL,NULL),(476,'{a} / {b} / {c}',253,1,NULL,NULL),(477,'{a} - {b} / {c}',253,0,NULL,NULL),(478,'{a} + {a} / {c}',253,0,NULL,NULL),(479,'{a} * ( {b} - {c} + {d} )',254,1,NULL,NULL),(480,'{a} * ( {b} / 100 )',255,1,NULL,NULL),(485,'hola',258,1,NULL,NULL),(486,'adios',259,1,NULL,NULL),(487,'12',260,1,NULL,NULL),(488,'falso',261,1,NULL,NULL);
/*!40000 ALTER TABLE `opciones` ENABLE KEYS */;
UNLOCK TABLES;

--
-- Table structure for table `relacion_nodo_alumnos`
--

DROP TABLE IF EXISTS `relacion_nodo_alumnos`;
/*!40101 SET @saved_cs_client     = @@character_set_client */;
/*!50503 SET character_set_client = utf8mb4 */;
CREATE TABLE `relacion_nodo_alumnos` (
  `id` int unsigned NOT NULL AUTO_INCREMENT,
  `created_at` datetime DEFAULT NULL,
  `updated_at` datetime DEFAULT NULL,
  `id_alumno` int unsigned DEFAULT NULL,
  `id_tema` int unsigned DEFAULT NULL,
  `ponderacion` int unsigned DEFAULT NULL,
  `clasificacion` int NOT NULL,
  `historial` varchar(30) NOT NULL,
  PRIMARY KEY (`id`),
  KEY `relacion_nodo_alumnos_id_alumno_foreign` (`id_alumno`),
  KEY `relacion_nodo_alumnos_id_tema_foreign` (`id_tema`),
  CONSTRAINT `relacion_nodo_alumnos_id_alumno_foreign` FOREIGN KEY (`id_alumno`) REFERENCES `users` (`id`) ON DELETE CASCADE ON UPDATE CASCADE,
  CONSTRAINT `relacion_nodo_alumnos_id_tema_foreign` FOREIGN KEY (`id_tema`) REFERENCES `temas` (`id`) ON DELETE CASCADE ON UPDATE CASCADE
) ENGINE=InnoDB AUTO_INCREMENT=698 DEFAULT CHARSET=utf8mb4 COLLATE=utf8mb4_0900_ai_ci;
/*!40101 SET character_set_client = @saved_cs_client */;

--
-- Dumping data for table `relacion_nodo_alumnos`
--

LOCK TABLES `relacion_nodo_alumnos` WRITE;
/*!40000 ALTER TABLE `relacion_nodo_alumnos` DISABLE KEYS */;
INSERT INTO `relacion_nodo_alumnos` VALUES (5,NULL,NULL,11,1,3,6,'0'),(6,NULL,NULL,11,2,3,6,'0'),(10,NULL,NULL,12,1,3,6,'0'),(11,NULL,NULL,12,2,3,6,'0'),(12,NULL,NULL,12,6,52,2,'1'),(13,NULL,NULL,12,7,3,4,'0'),(14,NULL,NULL,12,8,41,2,'1'),(15,NULL,NULL,12,9,50,4,'1'),(16,NULL,NULL,12,10,3,4,'0'),(17,NULL,NULL,12,11,3,4,'0'),(18,NULL,NULL,12,12,100,2,'1'),(19,NULL,NULL,12,13,3,6,'0'),(20,NULL,NULL,12,14,3,6,'0'),(23,NULL,NULL,12,17,3,6,'0'),(25,NULL,NULL,12,19,1,2,'1'),(26,NULL,NULL,12,20,3,6,'0'),(29,NULL,NULL,12,23,3,4,'0'),(30,NULL,NULL,12,24,3,4,'0'),(31,NULL,NULL,12,25,25,2,'1'),(32,NULL,NULL,13,1,3,6,'0'),(33,NULL,NULL,13,2,3,6,'0'),(34,NULL,NULL,13,6,22,2,'4'),(35,NULL,NULL,13,7,13,2,'1'),(36,NULL,NULL,13,8,23,2,'3'),(37,NULL,NULL,13,9,10,2,'3'),(38,NULL,NULL,13,10,3,4,'0'),(39,NULL,NULL,13,11,12,2,'1'),(40,NULL,NULL,13,12,25,1,'0'),(41,NULL,NULL,13,13,3,6,'0'),(42,NULL,NULL,13,14,3,6,'0'),(45,NULL,NULL,13,17,3,6,'0'),(47,NULL,NULL,13,19,3,4,'0'),(48,NULL,NULL,13,20,3,6,'0'),(51,NULL,NULL,13,23,3,4,'0'),(52,NULL,NULL,13,24,40,1,'0'),(53,NULL,NULL,13,25,10,2,'4'),(54,NULL,NULL,14,1,3,6,'0'),(55,NULL,NULL,14,2,3,6,'0'),(56,NULL,NULL,14,6,52,2,'1'),(57,NULL,NULL,14,7,3,4,'0'),(58,NULL,NULL,14,8,41,2,'1'),(59,NULL,NULL,14,9,50,4,'1'),(60,NULL,NULL,14,10,3,4,'0'),(61,NULL,NULL,14,11,3,4,'0'),(62,NULL,NULL,14,12,100,2,'1'),(63,NULL,NULL,14,13,3,6,'0'),(64,NULL,NULL,14,14,3,6,'0'),(67,NULL,NULL,14,17,3,6,'0'),(69,NULL,NULL,14,19,3,4,'0'),(70,NULL,NULL,14,20,3,6,'0'),(73,NULL,NULL,14,23,3,4,'0'),(74,NULL,NULL,14,24,3,4,'0'),(75,NULL,NULL,14,25,25,4,'1'),(98,NULL,NULL,16,1,3,6,'0'),(99,NULL,NULL,16,2,3,6,'0'),(100,NULL,NULL,16,6,52,2,'1'),(101,NULL,NULL,16,7,70,1,'0'),(102,NULL,NULL,16,8,41,2,'1'),(103,NULL,NULL,16,9,50,2,'1'),(104,NULL,NULL,16,10,3,4,'0'),(105,NULL,NULL,16,11,3,4,'0'),(106,NULL,NULL,16,12,100,2,'1'),(107,NULL,NULL,16,13,3,6,'0'),(108,NULL,NULL,16,14,3,6,'0'),(111,NULL,NULL,16,17,3,6,'0'),(113,NULL,NULL,16,19,50,1,'0'),(114,NULL,NULL,16,20,3,6,'0'),(117,NULL,NULL,16,23,3,4,'0'),(118,NULL,NULL,16,24,3,4,'0'),(119,NULL,NULL,16,25,25,1,'1'),(120,NULL,NULL,17,1,3,6,'0'),(121,NULL,NULL,17,2,3,6,'0'),(122,NULL,NULL,17,6,52,2,'1'),(123,NULL,NULL,17,7,50,2,'1'),(124,NULL,NULL,17,8,41,2,'1'),(125,NULL,NULL,17,9,50,1,'1'),(126,NULL,NULL,17,10,3,4,'0'),(127,NULL,NULL,17,11,3,4,'0'),(128,NULL,NULL,17,12,100,2,'1'),(129,NULL,NULL,17,13,3,6,'0'),(130,NULL,NULL,17,14,3,6,'0'),(133,NULL,NULL,17,17,3,6,'0'),(135,NULL,NULL,17,19,3,4,'0'),(136,NULL,NULL,17,20,3,6,'0'),(139,NULL,NULL,17,23,3,4,'0'),(140,NULL,NULL,17,24,30,1,'0'),(141,NULL,NULL,17,25,25,2,'1'),(142,NULL,NULL,18,1,3,6,'0'),(143,NULL,NULL,18,2,3,6,'0'),(144,NULL,NULL,18,6,52,2,'1'),(145,NULL,NULL,18,7,3,4,'0'),(146,NULL,NULL,18,8,41,2,'1'),(147,NULL,NULL,18,9,50,4,'1'),(148,NULL,NULL,18,10,3,4,'0'),(149,NULL,NULL,18,11,3,4,'0'),(150,NULL,NULL,18,12,100,2,'1'),(151,NULL,NULL,18,13,3,6,'0'),(152,NULL,NULL,18,14,3,6,'0'),(155,NULL,NULL,18,17,3,6,'0'),(157,NULL,NULL,18,19,3,4,'0'),(158,NULL,NULL,18,20,3,6,'0'),(161,NULL,NULL,18,23,3,4,'0'),(162,NULL,NULL,18,24,3,4,'0'),(163,NULL,NULL,18,25,25,4,'1'),(164,NULL,NULL,19,1,3,6,'0'),(165,NULL,NULL,19,2,3,6,'0'),(166,NULL,NULL,19,6,52,2,'2'),(167,NULL,NULL,19,7,52,2,'1'),(168,NULL,NULL,19,8,70,1,'0'),(169,NULL,NULL,19,9,50,2,'1'),(170,NULL,NULL,19,10,3,4,'0'),(171,NULL,NULL,19,11,3,4,'0'),(172,NULL,NULL,19,12,100,2,'1'),(173,NULL,NULL,19,13,3,6,'0'),(174,NULL,NULL,19,14,3,6,'0'),(177,NULL,NULL,19,17,3,6,'0'),(179,NULL,NULL,19,19,3,4,'0'),(180,NULL,NULL,19,20,3,6,'0'),(183,NULL,NULL,19,23,3,4,'0'),(184,NULL,NULL,19,24,3,4,'0'),(185,NULL,NULL,19,25,25,1,'1'),(186,NULL,NULL,20,1,3,6,'0'),(187,NULL,NULL,20,2,3,6,'0'),(188,NULL,NULL,20,6,88,2,'1'),(189,NULL,NULL,20,7,60,1,'0'),(190,NULL,NULL,20,8,3,4,'0'),(191,NULL,NULL,20,9,50,1,'1'),(192,NULL,NULL,20,10,3,4,'0'),(193,NULL,NULL,20,11,3,4,'0'),(194,NULL,NULL,20,12,100,2,'1'),(195,NULL,NULL,20,13,3,6,'0'),(196,NULL,NULL,20,14,3,6,'0'),(199,NULL,NULL,20,17,3,6,'0'),(201,NULL,NULL,20,19,3,4,'0'),(202,NULL,NULL,20,20,3,6,'0'),(205,NULL,NULL,20,23,3,4,'0'),(206,NULL,NULL,20,24,3,4,'0'),(207,NULL,NULL,20,25,25,2,'1'),(208,NULL,NULL,21,1,3,6,'0'),(209,NULL,NULL,21,2,3,6,'0'),(210,NULL,NULL,21,6,3,4,'0'),(211,NULL,NULL,21,7,3,4,'0'),(212,NULL,NULL,21,8,3,4,'0'),(213,NULL,NULL,21,9,50,1,'1'),(214,NULL,NULL,21,10,3,4,'0'),(215,NULL,NULL,21,11,3,4,'0'),(216,NULL,NULL,21,12,100,4,'1'),(217,NULL,NULL,21,13,3,6,'0'),(218,NULL,NULL,21,14,3,6,'0'),(221,NULL,NULL,21,17,3,6,'0'),(223,NULL,NULL,21,19,3,4,'0'),(224,NULL,NULL,21,20,3,6,'0'),(227,NULL,NULL,21,23,3,4,'0'),(228,NULL,NULL,21,24,3,4,'0'),(229,NULL,NULL,21,25,25,4,'1'),(230,NULL,NULL,22,1,3,6,'0'),(231,NULL,NULL,22,2,3,6,'0'),(232,NULL,NULL,22,6,100,2,'1'),(233,NULL,NULL,22,7,3,4,'0'),(234,NULL,NULL,22,8,98,2,'1'),(235,NULL,NULL,22,9,50,4,'1'),(236,NULL,NULL,22,10,3,4,'0'),(237,NULL,NULL,22,11,78,1,'0'),(238,NULL,NULL,22,12,100,2,'1'),(239,NULL,NULL,22,13,3,6,'0'),(240,NULL,NULL,22,14,3,6,'0'),(243,NULL,NULL,22,17,3,6,'0'),(245,NULL,NULL,22,19,3,4,'0'),(246,NULL,NULL,22,20,3,6,'0'),(249,NULL,NULL,22,23,3,4,'0'),(250,NULL,NULL,22,24,3,4,'0'),(251,NULL,NULL,22,25,25,1,'1'),(252,NULL,NULL,23,1,3,6,'0'),(253,NULL,NULL,23,2,3,6,'0'),(254,NULL,NULL,23,6,100,2,'1'),(255,NULL,NULL,23,7,3,4,'0'),(256,NULL,NULL,23,8,80,1,'0'),(257,NULL,NULL,23,9,50,4,'1'),(258,NULL,NULL,23,10,3,4,'0'),(259,NULL,NULL,23,11,40,2,'1'),(260,NULL,NULL,23,12,100,2,'1'),(261,NULL,NULL,23,13,3,6,'0'),(262,NULL,NULL,23,14,3,6,'0'),(265,NULL,NULL,23,17,3,6,'0'),(267,NULL,NULL,23,19,3,4,'0'),(268,NULL,NULL,23,20,3,6,'0'),(271,NULL,NULL,23,23,3,4,'0'),(272,NULL,NULL,23,24,3,4,'0'),(273,NULL,NULL,23,25,25,2,'1'),(274,NULL,NULL,24,1,3,6,'0'),(275,NULL,NULL,24,2,3,6,'0'),(276,NULL,NULL,24,6,88,2,'1'),(277,NULL,NULL,24,7,40,1,'0'),(278,NULL,NULL,24,8,70,1,'0'),(279,NULL,NULL,24,9,50,2,'1'),(280,NULL,NULL,24,10,3,4,'0'),(281,NULL,NULL,24,11,35,2,'1'),(282,NULL,NULL,24,12,100,2,'1'),(283,NULL,NULL,24,13,3,6,'0'),(284,NULL,NULL,24,14,3,6,'0'),(287,NULL,NULL,24,17,3,6,'0'),(289,NULL,NULL,24,19,3,4,'0'),(290,NULL,NULL,24,20,3,6,'0'),(293,NULL,NULL,24,23,80,1,'0'),(294,NULL,NULL,24,24,3,4,'0'),(295,NULL,NULL,24,25,25,2,'1'),(296,NULL,NULL,25,1,3,6,'0'),(297,NULL,NULL,25,2,3,6,'0'),(298,NULL,NULL,25,6,3,4,'0'),(299,NULL,NULL,25,7,3,4,'0'),(300,NULL,NULL,25,8,3,4,'0'),(301,NULL,NULL,25,9,50,4,'1'),(302,NULL,NULL,25,10,3,4,'0'),(303,NULL,NULL,25,11,3,4,'0'),(304,NULL,NULL,25,12,100,4,'1'),(305,NULL,NULL,25,13,3,6,'0'),(306,NULL,NULL,25,14,3,6,'0'),(309,NULL,NULL,25,17,3,6,'0'),(311,NULL,NULL,25,19,3,4,'0'),(312,NULL,NULL,25,20,3,6,'0'),(315,NULL,NULL,25,23,3,4,'0'),(316,NULL,NULL,25,24,3,4,'0'),(317,NULL,NULL,25,25,25,4,'1'),(318,NULL,NULL,26,1,3,6,'0'),(319,NULL,NULL,26,2,3,6,'0'),(320,NULL,NULL,26,6,3,4,'0'),(321,NULL,NULL,26,7,3,4,'0'),(322,NULL,NULL,26,8,3,4,'0'),(323,NULL,NULL,26,9,50,4,'1'),(324,NULL,NULL,26,10,3,4,'0'),(325,NULL,NULL,26,11,3,4,'0'),(326,NULL,NULL,26,12,100,4,'1'),(327,NULL,NULL,26,13,3,6,'0'),(328,NULL,NULL,26,14,3,6,'0'),(331,NULL,NULL,26,17,3,6,'0'),(333,NULL,NULL,26,19,3,4,'0'),(334,NULL,NULL,26,20,3,6,'0'),(337,NULL,NULL,26,23,3,4,'0'),(338,NULL,NULL,26,24,3,4,'0'),(339,NULL,NULL,26,25,25,4,'1'),(362,NULL,NULL,28,1,3,6,'0'),(363,NULL,NULL,28,2,3,6,'0'),(364,NULL,NULL,28,6,94,2,'5'),(365,NULL,NULL,28,7,86,2,'2'),(366,NULL,NULL,28,8,90,1,'0'),(367,NULL,NULL,28,9,60,1,'0'),(368,NULL,NULL,28,10,3,4,'0'),(369,NULL,NULL,28,11,78,1,'0'),(370,NULL,NULL,28,12,98,2,'7'),(371,NULL,NULL,28,13,3,6,'0'),(372,NULL,NULL,28,14,3,6,'0'),(375,NULL,NULL,28,17,3,6,'0'),(377,NULL,NULL,28,19,3,4,'0'),(378,NULL,NULL,28,20,3,6,'0'),(381,NULL,NULL,28,23,40,1,'0'),(382,NULL,NULL,28,24,3,4,'0'),(383,NULL,NULL,28,25,78,1,'0'),(384,NULL,NULL,29,1,3,6,'0'),(385,NULL,NULL,29,2,3,6,'0'),(386,NULL,NULL,29,6,100,1,'0'),(387,NULL,NULL,29,7,88,2,'2'),(388,NULL,NULL,29,8,58,2,'3'),(389,NULL,NULL,29,9,83,1,'0'),(390,NULL,NULL,29,10,3,4,'0'),(391,NULL,NULL,29,11,25,2,'1'),(392,NULL,NULL,29,12,91,2,'6'),(393,NULL,NULL,29,13,3,6,'0'),(394,NULL,NULL,29,14,3,6,'0'),(397,NULL,NULL,29,17,3,6,'0'),(399,NULL,NULL,29,19,41,2,'2'),(400,NULL,NULL,29,20,3,6,'0'),(403,NULL,NULL,29,23,100,1,'0'),(404,NULL,NULL,29,24,3,4,'0'),(405,NULL,NULL,29,25,60,1,'0'),(406,NULL,NULL,30,1,3,6,'0'),(407,NULL,NULL,30,2,3,6,'0'),(408,NULL,NULL,30,6,3,4,'0'),(409,NULL,NULL,30,7,3,4,'0'),(410,NULL,NULL,30,8,3,4,'0'),(411,NULL,NULL,30,9,3,4,'0'),(412,NULL,NULL,30,10,3,4,'0'),(413,NULL,NULL,30,11,3,4,'0'),(414,NULL,NULL,30,12,3,4,'0'),(415,NULL,NULL,30,13,3,6,'0'),(416,NULL,NULL,30,14,3,6,'0'),(419,NULL,NULL,30,17,3,6,'0'),(421,NULL,NULL,30,19,3,4,'0'),(422,NULL,NULL,30,20,3,6,'0'),(425,NULL,NULL,30,23,3,4,'0'),(426,NULL,NULL,30,24,3,4,'0'),(427,NULL,NULL,30,25,3,4,'0'),(428,NULL,NULL,31,1,3,6,'0'),(429,NULL,NULL,31,2,3,6,'0'),(430,NULL,NULL,31,6,3,4,'0'),(431,NULL,NULL,31,7,3,4,'0'),(432,NULL,NULL,31,8,3,4,'0'),(433,NULL,NULL,31,9,3,4,'0'),(434,NULL,NULL,31,10,3,4,'0'),(435,NULL,NULL,31,11,3,4,'0'),(436,NULL,NULL,31,12,3,4,'0'),(437,NULL,NULL,31,13,3,6,'0'),(438,NULL,NULL,31,14,3,6,'0'),(441,NULL,NULL,31,17,3,6,'0'),(443,NULL,NULL,31,19,3,4,'0'),(444,NULL,NULL,31,20,3,6,'0'),(447,NULL,NULL,31,23,3,4,'0'),(448,NULL,NULL,31,24,3,4,'0'),(449,NULL,NULL,31,25,3,4,'0'),(450,NULL,NULL,32,1,3,6,'0'),(451,NULL,NULL,32,2,3,6,'0'),(452,NULL,NULL,32,6,89,2,'2'),(453,NULL,NULL,32,7,75,1,'0'),(454,NULL,NULL,32,8,88,1,'0'),(455,NULL,NULL,32,9,63,1,'0'),(456,NULL,NULL,32,10,3,4,'0'),(457,NULL,NULL,32,11,44,2,'1'),(458,NULL,NULL,32,12,93,2,'4'),(459,NULL,NULL,32,13,3,6,'0'),(460,NULL,NULL,32,14,3,6,'0'),(463,NULL,NULL,32,17,3,6,'0'),(465,NULL,NULL,32,19,3,4,'0'),(466,NULL,NULL,32,20,3,6,'0'),(469,NULL,NULL,32,23,57,1,'0'),(470,NULL,NULL,32,24,3,4,'0'),(471,NULL,NULL,32,25,31,2,'3'),(472,NULL,NULL,33,1,3,6,'0'),(473,NULL,NULL,33,2,3,6,'0'),(474,NULL,NULL,33,6,44,2,'4'),(475,NULL,NULL,33,7,25,2,'1'),(476,NULL,NULL,33,8,52,2,'3'),(477,NULL,NULL,33,9,17,2,'2'),(478,NULL,NULL,33,10,3,4,'0'),(479,NULL,NULL,33,11,88,1,'0'),(480,NULL,NULL,33,12,50,1,'0'),(481,NULL,NULL,33,13,3,6,'0'),(482,NULL,NULL,33,14,3,6,'0'),(485,NULL,NULL,33,17,3,6,'0'),(487,NULL,NULL,33,19,11,2,'1'),(488,NULL,NULL,33,20,3,6,'0'),(491,NULL,NULL,33,23,71,1,'0'),(492,NULL,NULL,33,24,3,4,'0'),(493,NULL,NULL,33,25,18,2,'3'),(494,NULL,NULL,34,1,3,6,'0'),(495,NULL,NULL,34,2,3,6,'0'),(496,NULL,NULL,34,6,94,2,'2'),(497,NULL,NULL,34,7,75,1,'0'),(498,NULL,NULL,34,8,75,1,'0'),(499,NULL,NULL,34,9,38,2,'1'),(500,NULL,NULL,34,10,3,4,'0'),(501,NULL,NULL,34,11,75,1,'0'),(502,NULL,NULL,34,12,98,2,'3'),(503,NULL,NULL,34,13,3,6,'0'),(504,NULL,NULL,34,14,3,6,'0'),(507,NULL,NULL,34,17,3,6,'0'),(509,NULL,NULL,34,19,63,1,'0'),(510,NULL,NULL,34,20,3,6,'0'),(513,NULL,NULL,34,23,3,4,'0'),(514,NULL,NULL,34,24,3,4,'0'),(515,NULL,NULL,34,25,28,2,'2'),(516,NULL,NULL,76,1,3,6,'0'),(517,NULL,NULL,76,2,3,6,'0'),(518,NULL,NULL,76,6,3,4,'0'),(519,NULL,NULL,76,7,3,4,'0'),(520,NULL,NULL,76,8,3,4,'0'),(521,NULL,NULL,76,9,3,4,'0'),(522,NULL,NULL,76,10,3,4,'0'),(523,NULL,NULL,76,11,3,4,'0'),(524,NULL,NULL,76,12,3,4,'0'),(525,NULL,NULL,76,13,3,6,'0'),(526,NULL,NULL,76,14,3,6,'0'),(527,NULL,NULL,76,17,3,6,'0'),(528,NULL,NULL,76,19,3,4,'0'),(529,NULL,NULL,76,20,3,6,'0'),(530,NULL,NULL,76,23,3,4,'0'),(531,NULL,NULL,76,24,3,4,'0'),(532,NULL,NULL,76,25,3,4,'0'),(533,NULL,NULL,76,26,3,4,'0'),(534,NULL,NULL,76,27,3,4,'0'),(535,NULL,NULL,76,28,3,4,'0'),(536,NULL,NULL,76,29,3,4,'0'),(537,NULL,NULL,76,30,3,4,'0'),(538,NULL,NULL,76,31,3,4,'0'),(539,NULL,NULL,76,32,3,4,'0'),(540,NULL,NULL,76,33,3,4,'0'),(541,NULL,NULL,76,34,3,4,'0'),(542,NULL,NULL,76,35,3,4,'0'),(543,NULL,NULL,76,36,3,4,'0'),(544,NULL,NULL,76,37,3,4,'0'),(545,NULL,NULL,76,39,3,4,'0'),(546,NULL,NULL,76,40,3,6,'0'),(547,NULL,NULL,76,41,3,4,'0'),(548,NULL,NULL,76,42,3,4,'0'),(549,NULL,NULL,76,43,3,4,'0'),(550,NULL,NULL,76,44,3,4,'0'),(551,NULL,NULL,76,46,3,4,'0'),(552,NULL,NULL,76,47,3,4,'0'),(553,NULL,NULL,76,48,3,4,'0'),(554,NULL,NULL,76,49,3,4,'0'),(555,NULL,NULL,76,50,3,4,'0'),(556,NULL,NULL,76,51,3,6,'0'),(557,NULL,NULL,76,52,3,6,'0'),(558,NULL,NULL,76,53,3,4,'0'),(559,NULL,NULL,76,54,3,4,'0'),(560,NULL,NULL,76,55,3,4,'0'),(561,NULL,NULL,76,56,3,4,'0'),(562,NULL,NULL,76,57,3,4,'0'),(563,NULL,NULL,76,58,3,4,'0'),(564,NULL,NULL,76,59,3,4,'0'),(565,NULL,NULL,76,60,3,4,'0'),(566,NULL,NULL,76,61,3,4,'0'),(567,NULL,NULL,76,62,3,4,'0'),(568,NULL,NULL,76,63,3,4,'0'),(569,NULL,NULL,76,64,3,4,'0'),(570,NULL,NULL,76,65,3,4,'0'),(571,NULL,NULL,76,66,3,4,'0'),(572,NULL,NULL,76,67,3,4,'0'),(573,NULL,NULL,76,68,3,4,'0'),(574,NULL,NULL,76,69,3,4,'0'),(575,NULL,NULL,76,70,3,4,'0'),(576,NULL,NULL,76,71,3,4,'0'),(577,NULL,NULL,76,72,3,4,'0'),(578,NULL,NULL,76,73,3,4,'0'),(579,NULL,NULL,76,74,3,4,'0'),(580,NULL,NULL,76,75,3,4,'0'),(581,NULL,NULL,76,76,3,4,'0'),(582,NULL,NULL,76,77,3,4,'0'),(583,NULL,NULL,76,78,3,4,'0'),(584,NULL,NULL,76,79,3,4,'0'),(585,NULL,NULL,76,80,3,4,'0'),(586,NULL,NULL,76,81,3,4,'0'),(587,NULL,NULL,76,82,3,4,'0'),(588,NULL,NULL,76,83,3,4,'0'),(589,NULL,NULL,76,84,3,4,'0'),(590,NULL,NULL,76,85,3,4,'0'),(591,NULL,NULL,76,86,3,4,'0'),(592,NULL,NULL,76,87,3,4,'0'),(593,NULL,NULL,76,88,3,4,'0'),(594,NULL,NULL,76,89,3,4,'0'),(595,NULL,NULL,76,90,3,4,'0'),(596,NULL,NULL,76,91,3,4,'0'),(597,NULL,NULL,76,92,3,4,'0'),(598,NULL,NULL,76,93,3,4,'0'),(599,NULL,NULL,76,94,3,4,'0'),(600,NULL,NULL,76,95,3,4,'0'),(601,NULL,NULL,76,96,3,4,'0'),(602,NULL,NULL,76,97,3,4,'0'),(603,NULL,NULL,76,98,3,4,'0'),(604,NULL,NULL,76,99,3,4,'0'),(605,NULL,NULL,76,100,3,4,'0'),(606,NULL,NULL,76,101,3,4,'0'),(607,NULL,NULL,77,1,3,6,'0'),(608,NULL,NULL,77,2,3,6,'0'),(609,NULL,NULL,77,6,3,4,'0'),(610,NULL,NULL,77,7,3,4,'0'),(611,NULL,NULL,77,8,3,4,'0'),(612,NULL,NULL,77,9,3,4,'0'),(613,NULL,NULL,77,10,3,4,'0'),(614,NULL,NULL,77,11,3,4,'0'),(615,NULL,NULL,77,12,3,4,'0'),(616,NULL,NULL,77,13,3,6,'0'),(617,NULL,NULL,77,14,3,6,'0'),(618,NULL,NULL,77,17,3,6,'0'),(619,NULL,NULL,77,19,3,4,'0'),(620,NULL,NULL,77,20,3,6,'0'),(621,NULL,NULL,77,23,3,4,'0'),(622,NULL,NULL,77,24,3,4,'0'),(623,NULL,NULL,77,25,3,4,'0'),(624,NULL,NULL,77,26,3,4,'0'),(625,NULL,NULL,77,27,3,4,'0'),(626,NULL,NULL,77,28,3,4,'0'),(627,NULL,NULL,77,29,3,4,'0'),(628,NULL,NULL,77,30,3,4,'0'),(629,NULL,NULL,77,31,3,4,'0'),(630,NULL,NULL,77,32,3,4,'0'),(631,NULL,NULL,77,33,3,4,'0'),(632,NULL,NULL,77,34,3,4,'0'),(633,NULL,NULL,77,35,3,4,'0'),(634,NULL,NULL,77,36,3,4,'0'),(635,NULL,NULL,77,37,3,4,'0'),(636,NULL,NULL,77,39,3,4,'0'),(637,NULL,NULL,77,40,3,6,'0'),(638,NULL,NULL,77,41,3,4,'0'),(639,NULL,NULL,77,42,3,4,'0'),(640,NULL,NULL,77,43,3,4,'0'),(641,NULL,NULL,77,44,3,4,'0'),(642,NULL,NULL,77,46,3,4,'0'),(643,NULL,NULL,77,47,3,4,'0'),(644,NULL,NULL,77,48,3,4,'0'),(645,NULL,NULL,77,49,3,4,'0'),(646,NULL,NULL,77,50,3,4,'0'),(647,NULL,NULL,77,51,3,6,'0'),(648,NULL,NULL,77,52,3,6,'0'),(649,NULL,NULL,77,53,3,4,'0'),(650,NULL,NULL,77,54,3,4,'0'),(651,NULL,NULL,77,55,3,4,'0'),(652,NULL,NULL,77,56,3,4,'0'),(653,NULL,NULL,77,57,3,4,'0'),(654,NULL,NULL,77,58,3,4,'0'),(655,NULL,NULL,77,59,3,4,'0'),(656,NULL,NULL,77,60,3,4,'0'),(657,NULL,NULL,77,61,3,4,'0'),(658,NULL,NULL,77,62,3,4,'0'),(659,NULL,NULL,77,63,3,4,'0'),(660,NULL,NULL,77,64,3,4,'0'),(661,NULL,NULL,77,65,3,4,'0'),(662,NULL,NULL,77,66,3,4,'0'),(663,NULL,NULL,77,67,3,4,'0'),(664,NULL,NULL,77,68,3,4,'0'),(665,NULL,NULL,77,69,3,4,'0'),(666,NULL,NULL,77,70,3,4,'0'),(667,NULL,NULL,77,71,3,4,'0'),(668,NULL,NULL,77,72,3,4,'0'),(669,NULL,NULL,77,73,3,4,'0'),(670,NULL,NULL,77,74,3,4,'0'),(671,NULL,NULL,77,75,3,4,'0'),(672,NULL,NULL,77,76,3,4,'0'),(673,NULL,NULL,77,77,3,4,'0'),(674,NULL,NULL,77,78,3,4,'0'),(675,NULL,NULL,77,79,3,4,'0'),(676,NULL,NULL,77,80,3,4,'0'),(677,NULL,NULL,77,81,3,4,'0'),(678,NULL,NULL,77,82,3,4,'0'),(679,NULL,NULL,77,83,3,4,'0'),(680,NULL,NULL,77,84,3,4,'0'),(681,NULL,NULL,77,85,3,4,'0'),(682,NULL,NULL,77,86,3,4,'0'),(683,NULL,NULL,77,87,3,4,'0'),(684,NULL,NULL,77,88,3,4,'0'),(685,NULL,NULL,77,89,3,4,'0'),(686,NULL,NULL,77,90,3,4,'0'),(687,NULL,NULL,77,91,3,4,'0'),(688,NULL,NULL,77,92,3,4,'0'),(689,NULL,NULL,77,93,3,4,'0'),(690,NULL,NULL,77,94,3,4,'0'),(691,NULL,NULL,77,95,3,4,'0'),(692,NULL,NULL,77,96,3,4,'0'),(693,NULL,NULL,77,97,3,4,'0'),(694,NULL,NULL,77,98,3,4,'0'),(695,NULL,NULL,77,99,3,4,'0'),(696,NULL,NULL,77,100,3,4,'0'),(697,NULL,NULL,77,101,3,4,'0');
/*!40000 ALTER TABLE `relacion_nodo_alumnos` ENABLE KEYS */;
UNLOCK TABLES;

--
-- Table structure for table `relacion_primarias`
--

DROP TABLE IF EXISTS `relacion_primarias`;
/*!40101 SET @saved_cs_client     = @@character_set_client */;
/*!50503 SET character_set_client = utf8mb4 */;
CREATE TABLE `relacion_primarias` (
  `id` int unsigned NOT NULL AUTO_INCREMENT,
  `id_padre` int unsigned DEFAULT NULL,
  `id_hijo` int unsigned DEFAULT NULL,
  `color` varchar(10) DEFAULT NULL,
  `tipo` varchar(200) NOT NULL,
  `created_at` datetime DEFAULT NULL,
  `updated_at` datetime DEFAULT NULL,
  PRIMARY KEY (`id`),
  KEY `relacion_primarias_id_padre_foreign` (`id_padre`),
  KEY `relacion_primarias_id_hijo_foreign` (`id_hijo`),
  CONSTRAINT `relacion_primarias_id_hijo_foreign` FOREIGN KEY (`id_hijo`) REFERENCES `temas` (`id`),
  CONSTRAINT `relacion_primarias_id_padre_foreign` FOREIGN KEY (`id_padre`) REFERENCES `temas` (`id`)
) ENGINE=InnoDB AUTO_INCREMENT=151 DEFAULT CHARSET=utf8mb4 COLLATE=utf8mb4_0900_ai_ci;
/*!40101 SET character_set_client = @saved_cs_client */;

--
-- Dumping data for table `relacion_primarias`
--

LOCK TABLES `relacion_primarias` WRITE;
/*!40000 ALTER TABLE `relacion_primarias` DISABLE KEYS */;
INSERT INTO `relacion_primarias` VALUES (1,1,2,'000000','primarias',NULL,NULL),(5,26,6,'000000','primarias',NULL,NULL),(6,12,7,'000000','primarias',NULL,NULL),(7,6,8,'000000','primarias',NULL,NULL),(8,7,9,'000000','primarias',NULL,NULL),(10,13,10,'000000','primarias',NULL,NULL),(12,8,11,'000000','primarias',NULL,NULL),(13,2,12,'000000','primarias',NULL,NULL),(14,1,13,'000000','primarias',NULL,NULL),(16,1,14,'000000','primarias',NULL,NULL),(19,1,17,'000000','primarias',NULL,NULL),(21,17,19,'000000','primarias',NULL,NULL),(24,1,20,'000000','primarias',NULL,NULL),(27,20,23,'000000','primarias',NULL,NULL),(28,14,24,'000000','primarias',NULL,NULL),(29,9,25,'000000','primarias',NULL,NULL),(31,2,26,'000000','primarias',NULL,NULL),(32,25,27,'000000','primarias',NULL,NULL),(33,27,28,'000000','primarias',NULL,NULL),(34,27,29,'000000','primarias',NULL,NULL),(35,29,30,'000000','primarias',NULL,NULL),(36,28,30,'000000','secundarias',NULL,NULL),(37,30,31,'000000','primarias',NULL,NULL),(38,31,32,'000000','primarias',NULL,NULL),(39,25,33,'000000','primarias',NULL,NULL),(40,33,30,'000000','secundarias',NULL,NULL),(43,11,30,'000000','secundarias',NULL,NULL),(44,11,34,'000000','primarias',NULL,NULL),(45,34,32,'000000','secundarias',NULL,NULL),(46,26,35,'000000','primarias',NULL,NULL),(47,35,36,'000000','primarias',NULL,NULL),(48,26,37,'000000','primarias',NULL,NULL),(50,11,39,'000000','primarias',NULL,NULL),(51,37,39,'000000','secundarias',NULL,NULL),(52,1,40,'000000','primarias',NULL,NULL),(53,40,41,'000000','primarias',NULL,NULL),(54,41,42,'000000','primarias',NULL,NULL),(55,42,43,'000000','primarias',NULL,NULL),(56,43,44,'000000','primarias',NULL,NULL),(58,43,46,'000000','primarias',NULL,NULL),(59,43,47,'000000','primarias',NULL,NULL),(60,43,48,'000000','primarias',NULL,NULL),(61,43,49,'000000','primarias',NULL,NULL),(62,43,50,'000000','primarias',NULL,NULL),(63,1,51,'000000','primarias',NULL,NULL),(64,1,52,'000000','primarias',NULL,NULL),(65,17,53,'000000','primarias',NULL,NULL),(66,19,54,'000000','primarias',NULL,NULL),(67,54,55,'000000','primarias',NULL,NULL),(68,55,56,'000000','primarias',NULL,NULL),(69,55,57,'000000','primarias',NULL,NULL),(70,53,56,'000000','secundarias',NULL,NULL),(71,56,58,'000000','primarias',NULL,NULL),(72,57,58,'000000','secundarias',NULL,NULL),(73,58,59,'000000','primarias',NULL,NULL),(74,58,60,'000000','primarias',NULL,NULL),(75,23,61,'000000','primarias',NULL,NULL),(76,61,62,'000000','primarias',NULL,NULL),(77,62,63,'000000','primarias',NULL,NULL),(78,62,64,'000000','primarias',NULL,NULL),(79,64,65,'000000','primarias',NULL,NULL),(80,63,66,'000000','primarias',NULL,NULL),(81,64,67,'000000','primarias',NULL,NULL),(82,67,68,'000000','primarias',NULL,NULL),(84,66,70,'000000','primarias',NULL,NULL),(85,66,68,'000000','secundarias',NULL,NULL),(86,66,69,'000000','primarias',NULL,NULL),(88,67,69,'000000','secundarias',NULL,NULL),(89,67,70,'000000','secundarias',NULL,NULL),(90,63,65,'000000','secundarias',NULL,NULL),(91,63,67,'000000','secundarias',NULL,NULL),(92,64,66,'000000','secundarias',NULL,NULL),(93,10,71,'000000','primarias',NULL,NULL),(94,71,72,'000000','primarias',NULL,NULL),(95,72,73,'000000','primarias',NULL,NULL),(96,71,73,'000000','secundarias',NULL,NULL),(97,73,74,'000000','primarias',NULL,NULL),(98,73,75,'000000','primarias',NULL,NULL),(99,73,76,'000000','primarias',NULL,NULL),(100,76,77,'000000','primarias',NULL,NULL),(101,75,77,'000000','secundarias',NULL,NULL),(102,74,77,'000000','secundarias',NULL,NULL),(103,24,78,'000000','primarias',NULL,NULL),(104,78,79,'000000','primarias',NULL,NULL),(105,79,80,'000000','primarias',NULL,NULL),(106,78,81,'000000','primarias',NULL,NULL),(107,81,80,'000000','secundarias',NULL,NULL),(108,24,82,'000000','primarias',NULL,NULL),(109,82,83,'000000','primarias',NULL,NULL),(110,83,84,'000000','primarias',NULL,NULL),(111,83,85,'000000','primarias',NULL,NULL),(112,83,86,'000000','primarias',NULL,NULL),(113,84,87,'000000','primarias',NULL,NULL),(114,85,87,'000000','secundarias',NULL,NULL),(115,86,88,'000000','primarias',NULL,NULL),(116,85,88,'000000','secundarias',NULL,NULL),(117,85,89,'000000','primarias',NULL,NULL),(118,87,90,'000000','primarias',NULL,NULL),(119,90,89,'000000','secundarias',NULL,NULL),(120,88,91,'000000','primarias',NULL,NULL),(121,91,92,'000000','primarias',NULL,NULL),(122,92,93,'000000','primarias',NULL,NULL),(123,88,89,'000000','secundarias',NULL,NULL),(124,88,92,'000000','secundarias',NULL,NULL),(125,91,93,'000000','secundarias',NULL,NULL),(126,91,81,'000000','secundarias',NULL,NULL),(127,2,94,'000000','primarias',NULL,NULL),(128,94,91,'000000','secundarias',NULL,NULL),(129,37,36,'000000','secundarias',NULL,NULL),(130,6,36,'000000','secundarias',NULL,NULL),(131,30,36,'000000','secundarias',NULL,NULL),(132,39,36,'000000','secundarias',NULL,NULL),(133,30,95,'000000','primarias',NULL,NULL),(134,95,36,'000000','secundarias',NULL,NULL),(135,95,96,'000000','primarias',NULL,NULL),(136,95,97,'000000','primarias',NULL,NULL),(137,97,98,'000000','primarias',NULL,NULL),(138,11,99,'000000','primarias',NULL,NULL),(139,99,36,'000000','secundarias',NULL,NULL),(140,99,100,'000000','primarias',NULL,NULL),(141,100,98,'000000','secundarias',NULL,NULL),(142,100,97,'000000','secundarias',NULL,NULL),(143,30,101,'000000','primarias',NULL,NULL),(144,99,97,'000000','secundarias',NULL,NULL),(145,99,96,'000000','secundarias',NULL,NULL),(146,101,96,'000000','secundarias',NULL,NULL);
/*!40000 ALTER TABLE `relacion_primarias` ENABLE KEYS */;
UNLOCK TABLES;

--
-- Table structure for table `relacion_profesors`
--

DROP TABLE IF EXISTS `relacion_profesors`;
/*!40101 SET @saved_cs_client     = @@character_set_client */;
/*!50503 SET character_set_client = utf8mb4 */;
CREATE TABLE `relacion_profesors` (
  `id` int unsigned NOT NULL AUTO_INCREMENT,
  `id_profesor` int DEFAULT NULL,
  `id_alumno` int DEFAULT NULL,
  PRIMARY KEY (`id`)
) ENGINE=InnoDB AUTO_INCREMENT=29 DEFAULT CHARSET=utf8mb4 COLLATE=utf8mb4_0900_ai_ci;
/*!40101 SET character_set_client = @saved_cs_client */;

--
-- Dumping data for table `relacion_profesors`
--

LOCK TABLES `relacion_profesors` WRITE;
/*!40000 ALTER TABLE `relacion_profesors` DISABLE KEYS */;
INSERT INTO `relacion_profesors` VALUES (3,3,11),(4,3,12),(5,3,13),(6,3,14),(8,3,16),(9,3,17),(10,3,18),(11,3,19),(12,3,20),(13,3,21),(14,3,22),(15,3,23),(16,3,24),(17,3,25),(18,3,26),(20,3,28),(21,3,29),(22,3,30),(23,3,31),(24,3,32),(25,3,33),(26,3,34),(27,3,76),(28,35,77);
/*!40000 ALTER TABLE `relacion_profesors` ENABLE KEYS */;
UNLOCK TABLES;

--
-- Table structure for table `rols`
--

DROP TABLE IF EXISTS `rols`;
/*!40101 SET @saved_cs_client     = @@character_set_client */;
/*!50503 SET character_set_client = utf8mb4 */;
CREATE TABLE `rols` (
  `id` int unsigned NOT NULL AUTO_INCREMENT,
  `tipo_rol` varchar(30) NOT NULL,
  `created_at` datetime DEFAULT NULL,
  `updated_at` datetime DEFAULT NULL,
  PRIMARY KEY (`id`),
  UNIQUE KEY `rols_tipo_rol_unique` (`tipo_rol`)
) ENGINE=InnoDB AUTO_INCREMENT=5 DEFAULT CHARSET=utf8mb4 COLLATE=utf8mb4_0900_ai_ci;
/*!40101 SET character_set_client = @saved_cs_client */;

--
-- Dumping data for table `rols`
--

LOCK TABLES `rols` WRITE;
/*!40000 ALTER TABLE `rols` DISABLE KEYS */;
INSERT INTO `rols` VALUES (1,'Administrador',NULL,NULL),(2,'Experto',NULL,NULL),(3,'Maestro',NULL,NULL),(4,'Alumno',NULL,NULL);
/*!40000 ALTER TABLE `rols` ENABLE KEYS */;
UNLOCK TABLES;

--
-- Table structure for table `temas`
--

DROP TABLE IF EXISTS `temas`;
/*!40101 SET @saved_cs_client     = @@character_set_client */;
/*!50503 SET character_set_client = utf8mb4 */;
CREATE TABLE `temas` (
  `id` int unsigned NOT NULL AUTO_INCREMENT,
  `nombre_tema` varchar(100) DEFAULT NULL,
  `nivel` int unsigned NOT NULL,
  `freex` float(8,2) NOT NULL,
  `freey` float(8,2) NOT NULL,
  `textPosition` tinyint(1) DEFAULT '0',
  `created_at` datetime DEFAULT NULL,
  `updated_at` datetime DEFAULT NULL,
  PRIMARY KEY (`id`)
) ENGINE=InnoDB AUTO_INCREMENT=106 DEFAULT CHARSET=utf8mb4 COLLATE=utf8mb4_0900_ai_ci;
/*!40101 SET character_set_client = @saved_cs_client */;

--
-- Dumping data for table `temas`
--

LOCK TABLES `temas` WRITE;
/*!40000 ALTER TABLE `temas` DISABLE KEYS */;
INSERT INTO `temas` VALUES (1,'Matematicas',0,500.00,50.00,0,NULL,NULL),(2,'Aritmetica',1,184.81,291.80,0,NULL,'2021-05-01 18:52:24'),(6,'Suma aritmética de números enteros',3,-865.08,1051.35,0,NULL,'2021-05-26 14:19:58'),(7,'Conjuntos Numericos ',3,-981.96,760.26,0,NULL,'2021-05-07 17:05:53'),(8,'Tablas de  multiplicar',4,-1051.97,1236.32,0,NULL,'2021-05-26 14:19:54'),(9,'Clasificación de los números',4,-1114.49,941.96,0,NULL,'2021-05-07 17:05:07'),(10,'Matrices',2,1022.70,376.09,0,NULL,'2021-05-26 14:16:00'),(11,'Multiplicación aritmética de números enteros',5,-871.39,1450.46,0,NULL,'2021-05-26 14:19:52'),(12,'Conjuntos',2,-804.92,587.58,0,NULL,'2021-05-11 15:35:14'),(13,'Álgebra  lineal',1,865.04,308.08,0,NULL,'2021-06-10 22:23:55'),(14,'Álgebra',1,376.36,280.80,0,NULL,'2021-05-26 14:15:28'),(17,'Trigonometría',1,1138.02,236.45,0,NULL,'2021-06-10 22:23:56'),(19,'Triángulos rectángulos',2,1845.06,528.01,0,NULL,'2021-04-23 15:25:58'),(20,'Geometría',1,607.82,259.01,0,NULL,'2021-06-10 02:38:15'),(23,'Conceptos  de  Geometría',2,746.37,528.35,0,NULL,'2021-05-13 16:38:21'),(24,'Lenguaje y  expresiones algebraico',2,452.66,487.80,0,NULL,'2021-05-12 16:08:59'),(25,'Números racionales ',5,-1302.34,1231.37,0,NULL,'2021-05-07 16:30:02'),(26,'Operaciones Aritméticas ',2,-677.50,786.14,0,NULL,'2021-05-07 16:52:30'),(27,'Común denominador ',6,-1584.88,1432.88,0,NULL,'2021-05-26 14:20:01'),(28,'Mínimo común múltiplo ',7,-1526.40,1714.08,0,NULL,'2021-05-07 16:29:51'),(29,'Máximo común divisor ',7,-1721.75,1869.29,0,NULL,'2021-05-07 16:29:49'),(30,'Suma de números racionales ',8,-951.51,1852.43,0,NULL,'2021-04-23 15:07:12'),(31,'Ley de exponentes',9,-1437.66,2304.97,0,NULL,'2021-05-12 05:04:05'),(32,'Notación científica ',10,-1569.03,2092.53,0,NULL,'2021-05-07 16:29:47'),(33,'Ley de signos',6,-1325.59,1487.72,0,NULL,'2021-05-12 13:59:30'),(34,'Exponentes de números enteros elevados a números enteros',6,-1048.60,1615.10,0,NULL,'2021-04-23 15:36:24'),(35,'Jerarquías de las operaciones aritméticas',3,-436.08,1274.60,0,NULL,'2021-05-11 17:30:20'),(36,'Operaciones  aritméticas  compuestas',4,-474.58,1729.78,0,NULL,'2021-05-26 14:19:48'),(37,'Resta aritmética de números enteros',3,-630.98,1144.95,0,NULL,'2021-04-23 15:32:20'),(39,'División  aritmética de números enteros',6,-669.16,1584.28,0,NULL,'2021-05-12 13:59:25'),(40,'Funciones  matemáticas',1,1824.47,313.81,0,NULL,'2021-04-23 15:26:23'),(41,'Conceptos de  funciones  matemáticas',2,2047.10,448.87,0,NULL,'2021-04-23 15:26:24'),(42,'Intervalos',3,2249.31,610.41,0,NULL,'2021-05-08 02:50:22'),(43,'Dominio y  rango de  una función',4,2452.68,883.60,0,NULL,'2021-04-23 15:26:46'),(44,'Función  Lineal',5,2689.65,1527.53,0,NULL,'2021-05-11 16:39:37'),(46,'Función Cuadrática',5,2849.22,1436.85,0,NULL,'2021-05-11 16:22:19'),(47,'Función Polinomial',5,2882.85,1237.92,0,NULL,'2021-05-11 15:33:32'),(48,'Función  Exponencial',5,2958.24,1064.88,0,NULL,'2021-05-11 15:33:34'),(49,'Funciones  Logarítmicas',5,2402.93,1642.93,0,NULL,'2021-05-24 15:59:54'),(50,'Función  Valor absoluto',5,2783.01,732.11,0,NULL,'2021-04-23 14:49:19'),(51,'Cálculo  Diferencial',1,2444.60,351.32,0,NULL,'2021-04-23 15:27:17'),(52,'Cálculo  Integral',1,2780.45,314.98,0,NULL,'2021-04-26 16:35:35'),(53,'Tríangulos  oblicuángulos',2,1615.98,620.33,0,NULL,'2021-05-12 14:08:54'),(54,'Círculo  unitario',3,2012.97,639.53,0,NULL,'2021-04-23 15:26:00'),(55,'Razones  trigonométricas',4,2154.17,854.99,0,NULL,'2021-05-11 21:26:24'),(56,'Funciones trigonómetricas',5,1871.27,850.56,0,NULL,'2021-05-07 02:16:50'),(57,'Ángulos y sus  razones  trigonométricas',5,2245.66,1012.42,0,NULL,'2021-04-23 15:26:01'),(58,'Identidades  trigonométricas',6,1999.43,1200.03,0,NULL,'2021-04-23 15:26:05'),(59,'Operaciones  con funciones trigonométricas',7,2274.31,1263.68,0,NULL,'2021-04-23 15:25:49'),(60,'Ley de los  Senos y  Cosenos',7,2115.78,1415.79,0,NULL,'2021-04-23 15:26:09'),(61,'Ángulos',3,849.22,834.65,0,NULL,'2021-05-12 14:52:37'),(62,'Formas  geométricas',4,946.55,998.41,0,NULL,'2021-05-12 14:44:12'),(63,'Polígonos',5,1108.47,1261.43,0,NULL,'2021-04-23 15:23:56'),(64,'Circunferencia',5,1318.60,1167.29,0,NULL,'2021-05-12 14:51:40'),(65,'Volúmenes',6,1752.27,1503.05,0,NULL,'2021-04-23 15:24:11'),(66,'Áreas',6,950.76,1462.92,0,NULL,'2021-05-11 20:27:41'),(67,'Perímetros',6,1438.68,1909.18,0,NULL,'2021-04-23 15:24:06'),(68,'Teorema de  Thales  de Mileto',7,1791.06,1752.70,0,NULL,'2021-05-12 14:34:11'),(69,'Teorema  de Pitágoras',7,1171.93,1629.06,0,NULL,'2021-04-23 15:24:04'),(70,'Teorema  de Euclides',7,1006.97,1876.90,0,NULL,'2021-05-12 14:32:16'),(71,'Operaciones  con  matrices',3,1096.89,528.48,0,NULL,'2021-05-12 16:04:44'),(72,'Transpuesta',4,1431.55,580.15,0,NULL,'2021-04-30 04:13:35'),(73,'Determinantes',5,1093.83,718.33,0,NULL,'2021-05-11 20:27:35'),(74,'Regla  de  Cramer',6,1180.27,973.33,0,NULL,'2021-05-12 14:58:11'),(75,'Gauss  Jordan',6,1654.18,804.57,0,NULL,'2021-05-13 02:29:40'),(76,'Matriz  Inversa',6,1361.00,907.14,0,NULL,'2021-05-12 14:58:10'),(77,'Solución de  sistemas de  ecuaciones  por matrices',7,1544.53,1104.97,0,NULL,'2021-05-12 14:58:18'),(78,' Ecuaciones algebraicas',3,571.56,768.09,0,NULL,'2021-06-10 16:42:03'),(79,'Métodos analíticos para la resolución de sistemas de ecuaciones',4,754.47,1009.95,0,NULL,'2021-05-13 03:07:27'),(80,'Sistemas  de  ecuaciones ',5,883.84,1674.70,0,NULL,'2021-05-12 14:48:19'),(81,'Ecuaciones de  primer grado',4,683.00,1669.22,0,NULL,'2021-05-12 14:48:21'),(82,'Elementos de un término algebraico',3,273.54,653.60,0,NULL,'2021-05-11 20:27:31'),(83,'Suma de términos algebraicos',4,21.80,717.84,0,NULL,'2021-05-24 16:00:20'),(84,'Resta de  términos  algebraicos',5,-172.22,830.50,0,NULL,'2021-05-07 17:21:50'),(85,'Multiplicación  de términos  algebraicos',5,128.46,903.40,0,NULL,'2021-05-12 04:46:55'),(86,'Suma  de  polinomios',5,302.21,929.82,0,NULL,'2021-05-26 14:16:03'),(87,'División de términos  algebraicos',6,-218.54,1228.02,0,NULL,'2021-05-26 14:16:52'),(88,'Multiplicación de  polinomios',6,493.93,1499.65,0,NULL,'2021-05-12 14:48:27'),(89,'División de  polinomio  entre  polinomio',6,171.59,1371.27,0,NULL,'2021-05-12 14:48:30'),(90,'División de  polinomio  entre  monomio',7,-83.02,1547.78,0,NULL,'2021-05-26 14:19:15'),(91,'Factorización',7,-262.16,1818.87,0,NULL,'2021-05-13 13:11:25'),(92,'Productos  notables',8,535.00,1943.71,0,NULL,'2021-05-11 17:49:04'),(93,'Ecuaciones de  segundo grado',9,187.57,2110.76,0,NULL,'2021-05-12 14:00:03'),(94,'Fórmula general  para ecuaciones  de segundo grado',2,-418.09,874.42,0,NULL,'2021-05-11 17:13:06'),(95,'División de  números  racionales',9,-893.30,2127.20,0,NULL,'2021-05-26 14:19:44'),(96,'Radicales',10,-916.69,2400.98,0,NULL,'2021-05-26 14:19:42'),(97,'Regla de tres',10,-356.22,2204.92,0,NULL,'2021-05-26 14:19:36'),(98,'Porcentajes',11,-39.65,2168.08,0,NULL,'2021-05-26 14:19:33'),(99,'Multiplicación de  números  racionales',6,-606.98,1954.86,0,NULL,'2021-04-23 15:11:42'),(100,'Razón y proporciones',7,-516.66,2471.85,0,NULL,'2021-06-08 23:47:46'),(101,'Resta de  números  racionales',9,-1183.50,2227.57,0,NULL,'2021-05-12 05:04:50');
/*!40000 ALTER TABLE `temas` ENABLE KEYS */;
UNLOCK TABLES;

--
-- Table structure for table `testeos`
--

DROP TABLE IF EXISTS `testeos`;
/*!40101 SET @saved_cs_client     = @@character_set_client */;
/*!50503 SET character_set_client = utf8mb4 */;
CREATE TABLE `testeos` (
  `id` int unsigned NOT NULL AUTO_INCREMENT,
  `created_at` datetime DEFAULT NULL,
  `updated_at` datetime DEFAULT NULL,
  `variable1` int unsigned DEFAULT NULL,
  `variable2` int unsigned DEFAULT NULL,
  `variable3` int unsigned DEFAULT NULL,
  PRIMARY KEY (`id`)
) ENGINE=InnoDB DEFAULT CHARSET=utf8mb4 COLLATE=utf8mb4_0900_ai_ci;
/*!40101 SET character_set_client = @saved_cs_client */;

--
-- Dumping data for table `testeos`
--

LOCK TABLES `testeos` WRITE;
/*!40000 ALTER TABLE `testeos` DISABLE KEYS */;
/*!40000 ALTER TABLE `testeos` ENABLE KEYS */;
UNLOCK TABLES;

--
-- Table structure for table `users`
--

DROP TABLE IF EXISTS `users`;
/*!40101 SET @saved_cs_client     = @@character_set_client */;
/*!50503 SET character_set_client = utf8mb4 */;
CREATE TABLE `users` (
  `id` int unsigned NOT NULL AUTO_INCREMENT,
  `nombre` varchar(40) NOT NULL,
  `apellido_paterno` varchar(50) NOT NULL,
  `apellido_materno` varchar(50) NOT NULL,
  `matricula` varchar(50) NOT NULL,
  `password` varchar(90) NOT NULL,
  `nivel_academico` varchar(60) DEFAULT NULL,
  `id_rol` int unsigned DEFAULT NULL,
  `created_at` datetime DEFAULT NULL,
  `updated_at` datetime DEFAULT NULL,
  `foto` varchar(255) DEFAULT NULL,
  `eliminado` int DEFAULT NULL,
  PRIMARY KEY (`id`),
  UNIQUE KEY `users_matricula_unique` (`matricula`),
  KEY `users_id_rol_foreign` (`id_rol`),
  CONSTRAINT `users_id_rol_foreign` FOREIGN KEY (`id_rol`) REFERENCES `rols` (`id`) ON DELETE CASCADE ON UPDATE CASCADE
) ENGINE=InnoDB AUTO_INCREMENT=80 DEFAULT CHARSET=utf8mb4 COLLATE=utf8mb4_0900_ai_ci;
/*!40101 SET character_set_client = @saved_cs_client */;

--
-- Dumping data for table `users`
--

LOCK TABLES `users` WRITE;
/*!40000 ALTER TABLE `users` DISABLE KEYS */;
INSERT INTO `users` VALUES (1,'Juan Diego','Lumbreras','Vega','1530334','$2a$10$HHNlCkUMAMqUO0d7JklzTO.Y7VEZvNGi7hwvSQFcYde2fzXjdnijK','2',1,NULL,NULL,'1623771561877.jpeg',0),(2,'Eduardo','Apellido Pat','Apellido mat','1630031','$2a$10$QaintsOF3SNptiPjYTFmE.2tVzV/4VMs0ToZJBwqZbXlCkUB6Tt9O','2',2,NULL,'2021-06-02 00:03:00',NULL,0),(3,'Victor','Apellido Pat','Apellido mat','123','$2a$10$YD.oxeV2FFaZ6HeS/KoN8Oz4NvpPlV3U/JwNEZJtB0FWU31CMWMIK','2',3,NULL,NULL,NULL,0),(4,'Froylan','Wbario','Martinez','1530006','$2a$10$02jXO1wM3CYOx8SVSL76je0WhkHa3c/PvNt5RoF2WxW1U3VxEeYaa','2',1,NULL,NULL,'1622166643773.jpeg',0),(10,'Jose Alejandro','Segura','Hernandez','1630166','$2a$10$fRzV4n7s89c/POzFLRvlr.HYxVp9jRscT4rNKD.wclMKmg8dg1soK',NULL,1,'2020-12-03 06:51:54','2021-05-13 17:52:54',NULL,0),(11,'Jose','Perez','Hernandez','1630188','$2a$10$/ZRckc7JWrk285CA1JzhQutGlkK89zNpwapRHgPmFiQ2zxtIyDA7u','Conalep',4,NULL,NULL,NULL,0),(12,'Froylan ','M','W','1530002','$2a$10$xdH/.AlR4CPwShS426XPWeQda6RWwZoPj6CQ19OCujtQhPx9ZsPD6','Primerio',4,NULL,NULL,NULL,0),(13,'Tomas','Angeles','Navarro','1730063','$2a$10$QZQzfocIfJAjZUP173cjTOYJqj6VlHbjRdm.it884.etX0OrWxJ6e','Medio superior',4,NULL,NULL,NULL,0),(14,'Pancho','Pantera','Rdz','6666666','$2a$10$WWRYSe1T1lThLrD7lxAALOhqSWOgbl4CkIF5mXF9xgrLzOmqMvzj2','Segundo',4,NULL,NULL,NULL,0),(16,'Alfredo','Bueno','Moran','1630125','$2a$10$j1i6e5bUIWnDdZmHzHJXV.Ob5X4TYjyZO6wBhethl9EB/Lv6o10Mi','aaa',4,NULL,NULL,NULL,0),(17,'Diego','Vega','Lumbreras','1830123','$2a$10$vMIOf6aHjA4m/Vy/BjEe.One0li3moUbp3JF3t7fFvjJnuAoNX1SO','ITI',4,NULL,NULL,NULL,0),(18,'Leonardo','Levis','Hpe','2020003','$2a$10$PGVcByVKVmu2/J8oG0osyO6WlrO.o5yOkfoIPWtc4PwmCpF6hkHZS','Universidad',4,NULL,NULL,NULL,0),(19,'Prueba','Prueba','Prueba','1234567','$2a$10$Vc9EJRdQ7uwzsdmWULzYGu5S5Yspw1.X75fGVR7goHMCZgttVFv02','Universidad',4,NULL,'2021-06-03 02:45:50',NULL,0),(20,'Marco','Nuño','Maganda','999999','$2a$10$ZYx.i9Y3dRQo78cj2kpJce4G/oytgftcrUXI0nnGEL4mtknQl0j.a','Primero de universidad',4,NULL,NULL,NULL,0),(21,'Pedro','Picapiedra','Rodriguez','12345678','$2a$10$ecovtDYc26yndnt0SKpYheUKwI2mukaRrDZhW.SaQcDpsjX7gm.JS','Primero de universidad',4,NULL,NULL,NULL,0),(22,'Ignacio','Torres','Moreno','9876543','$2a$10$wOeD5A5KpQ2gm19EHJqH0OQiymKNd2r3DT1XQz..IRGtIMACm.dve','Universidad',4,NULL,NULL,NULL,0),(23,'Denise','Aguilar','Rodriguez','2030012','$2a$10$kDV431DMRfMwAH0ZZPlQueP8Dbm.Hk02FSMnwExP8.SMNJhu.GorS','Primero',4,NULL,NULL,NULL,0),(24,'Jose','Prueba 4','Personal','2030002','$2a$10$Uqjl2ioBcIjcon5Y4sSv7ul2aA01pCqvt9W6w12jxM6dRzYtWj2Fu','Secundaria',4,NULL,NULL,NULL,0),(25,'Juan','Felipe','Lordoña','Escobedo','$2a$10$vZ2yboi7YVFbQiHyZAFq5.YMh3P0xW5YniKZawWysBZJeQnYM96.i','aa',4,NULL,NULL,NULL,0),(26,'Pedro Luis','Martinez','Escoces','163144','$2a$10$Mv1Nz96tB5syXparSI.Lsu0aKKmmrEGqjYJPXrd3xIcPzpPDRmyo.','aa',4,NULL,NULL,NULL,0),(28,'Sor Juana','Ines','De La Cruz','2030123','$2a$10$mYjQ5PgN0o0cI8RqwxDOYOCLCAidUpeuivR4Eluh7jM6.j.4WzEwe','Universitario',4,NULL,'2021-06-02 00:06:55',NULL,0),(29,'Pedro Lorenzo','Tapia','Enriques','1730252','$2a$10$D.iqst/u5K66or.IytQDieJTow2V7SXYeoAWvdpm7D6lvjr5qrZSy','aaa',4,NULL,NULL,NULL,0),(30,'Alonso','G','W','2030001','$2a$10$RKfxgfYA.a.2dOUj0fEJ..woRbgV7l48sIYGiUzqYE2OR/IKavZ5m','Universitario',4,NULL,'2021-06-01 17:18:33',NULL,0),(31,'Test','test','test','1','$2a$10$1MLpRlevp/aRU.Cte1tV/Ov4iQKgLoiqVg40Z6stwmmyt4wU40uq2','Universitario',4,NULL,'2021-06-01 01:30:14',NULL,0),(32,'Leonel','Ponce','Rodriguez','2030396','$2a$10$1tX06XrBoH1CrtimPtSbqeDDVlniIXnnqOa6eEJefV/DlKIx4MVWu','media superior',4,NULL,NULL,NULL,0),(33,'Agustin','Mota','Hinojosa','2030406','$2a$10$zTNJHEOMUWkmnbnD1xqtqO4TuKgnzFOvWjllpaBtOvg5rUUv0fygi','media superior',4,NULL,NULL,NULL,0),(34,'Jose','Martinez','Rodriguez','2030152','$2a$10$QYt7VkT7ud2Q28vJUY.Y4e67gIgL0S2EIUP11JB6RKeB/iU/3ffQ2','Media superior',4,NULL,NULL,NULL,0),(35,'Doctor profesor','Melquiadez','Wbario','101000','$2a$10$zrlkQ01iTGtkf4hTDMSvbOSdwBQw4AAcCk177B/3t8cXAiD9pGLQO',NULL,3,'2021-04-19 15:13:51','2021-06-02 00:07:01',NULL,0),(36,'a','a','a','1630167','$2a$10$P1Fnl5uHDn9E51AL7FL8tO.VqiYR7BRMPOB.7oedJ00C3ZmB94fjC',NULL,2,'2021-04-19 17:19:46','2021-06-02 00:02:55',NULL,0),(37,'Prueba','prueba','prueba ','123456','$2a$10$oAozaPouL3AzBzNrM6L6f.6je/R30wKt9kBTVZN36UNQmx77ssfi.',NULL,2,'2021-04-22 15:43:06','2021-04-22 15:43:06',NULL,0),(38,'Tester 1','Tester 1','Tester 1','1000001','$2a$10$ucs4tdd6/7NNmS2CcOVDJ.L/OBNcJluhQ8MOgjlCcdHyHIOcGVDKC',NULL,2,'2021-05-11 15:21:46','2021-05-11 15:21:46',NULL,0),(39,'Tester 2','Tester 2','Tester 2','1000002','$2a$10$8lfn0LkQh6zX5B4G9uMnwOqTAQMYA394seq5u2YGIzOJvb8HDyvCK',NULL,2,'2021-05-11 15:22:02','2021-05-11 15:22:02',NULL,0),(40,'Tester 3','Tester 3','Tester 3','1000003','$2a$10$/lBi8UJL.E0B/KS6E0gETemV7nwDqvm7P290jIBXl.c9S7wlGJAnW',NULL,2,'2021-05-11 15:22:16','2021-05-11 15:22:16',NULL,0),(41,'Tester 4','Tester 4','Tester 4','1000004','$2a$10$dKIhnuAxbgJhsAexTmWAh.3xCaBGyw1MCpNhY4XDFFUy9mgAjzdyK',NULL,2,'2021-05-11 15:22:30','2021-05-12 19:32:06',NULL,0),(42,'Tester 5','Tester 5','Tester 5','1000005','$2a$10$RecqfrKnS.v8ETwiM7YQ6uXLLRr278Dd5q/ZZEXqZYZ2FfEpOmG6K',NULL,2,'2021-05-11 15:22:45','2021-05-12 19:32:11',NULL,0),(43,'Tester 6','Tester 6','Tester 6','1000006','$2a$10$sMaTLe1FEX1CJtFtEeYVcuy9xlTvRmLxkJOkofa66SOuxQw4Ui9lG',NULL,2,'2021-05-11 15:23:01','2021-05-11 15:23:01',NULL,0),(44,'Tester 7','Tester 7','Tester 7','1000007','$2a$10$apdz9GlkYH5PYgYU5qoVh./r6.pREbY.cn3K6Qu4KcFK6rYlydzfu',NULL,2,'2021-05-11 15:23:22','2021-06-02 00:03:12',NULL,0),(46,'j','j','j','333','$2a$10$TOvWDNtzUxVfZDvMYBFz7ONDzc2kLLhSvZIQ.SD38KuB.AUzDUZPC',NULL,2,'2021-05-11 17:34:24','2021-05-11 17:34:24',NULL,0),(48,'Usuario1','Usuario1','Usuario1','200001','$2a$10$D30.4r1VfnBOfrp9Z3aTaOCqJF6kEAInG1NeiiHEfn7Z2IuyybFTm',NULL,2,'2021-05-13 00:33:18','2021-05-13 00:33:18',NULL,0),(49,'Usuario2','Usuario2','Usuario2','200002','$2a$10$wO5fXfiPB12.IdBK9Hwku.Ed1ap6ykkzN5iTHz2XoFYlqQmtv3KgW',NULL,2,'2021-05-13 00:36:24','2021-05-13 00:36:24',NULL,0),(51,'Usuario3','Usuario3','Usuario3','200003','$2a$10$YEUWgtFb1S2FholmkDrU6OzeAJbMMm.pS1VWaBbD9ymQJsOz9O3na',NULL,2,'2021-05-13 00:38:01','2021-05-13 00:38:01',NULL,0),(52,'Usuario4','Usuario4','Usuario4','200004','$2a$10$3xiAC75pJKANTcyTzqhbuuAe9JxtKTrqVu3ESnInbsF7BEya9/gPK',NULL,2,'2021-05-13 00:39:36','2021-05-13 00:39:36',NULL,0),(53,'Usuario5','Usuario5','Usuario5','200005','$2a$10$tq5S/49UgHoHBlOMb/5Guuqga/ggXmzHnXFgoGUU8lkTuGOecd4jW',NULL,2,'2021-05-13 00:40:19','2021-05-13 00:40:19',NULL,0),(54,'Usuario6','Usuario6','Usuario6','200006','$2a$10$2kkYdVp3O.fyhQ5vYd85ROAk37MR/gD3fLNZm6Y1W42cedPzSwaEC',NULL,2,'2021-05-13 00:41:37','2021-05-13 00:41:37',NULL,0),(56,'Usuario7','Usuario7','Usuario7','200007','$2a$10$2L.DglX4DpB3sR24VN1jVuf5s0BeVb5/pG0rWuRB.E/Cu0ON1uQNe',NULL,2,'2021-05-13 00:42:16','2021-05-13 00:42:16',NULL,0),(57,'Usuario8','Usuario8','Usuario8','200008','$2a$10$YzwZvXcGB6MJvRTSvd0sOuOJc/dVp2yCqvBwomTSJQx62K4BP4vCO',NULL,2,'2021-05-13 13:02:26','2021-05-13 13:02:26',NULL,0),(58,'Usuario9','Usuario9','Usuario9','200009','$2a$10$Aks0/wcoEUtU6nV1sWmeY.ZXNyzg8SsEd3rloYrF.ICxBjzOZokEW',NULL,2,'2021-05-13 13:02:47','2021-05-13 13:02:47',NULL,0),(59,'Usuario10','Usuario10','Usuario10','200010','$2a$10$Ej.9LGshubLeRq54fsiM4OYtAH.J6Um6ikmyNs7RWedZeigmmDPnW',NULL,2,'2021-05-13 13:03:11','2021-05-13 13:03:11',NULL,0),(60,'Tester10','Tester10','Tester10','10000010','$2a$10$lpl0haVIpXniB7gWep350uhYEFo60GbbG72m8Jyjy6ly8qfy2ont2',NULL,2,'2021-05-13 13:07:47','2021-06-03 02:46:26',NULL,0),(61,'Usuario11','Usuario11','Usuario11','200011','$2a$10$PHmBr7cj9gVXvT.w9WeWGuMdpWaOcDjhckkkBVUvxn3Uij7L9KVMa',NULL,2,'2021-05-13 19:13:19','2021-05-13 19:13:19',NULL,0),(62,'Usuario12','Usuario12','Usuario12','200012','$2a$10$ghnhH5aSuvQ5lsG0w5On2./gP8mXWvjyRskNhcrfwVj4KlzjX7ZRi',NULL,2,'2021-05-13 19:13:33','2021-05-13 19:13:33',NULL,0),(63,'Usuario13','Usuario13','Usuario13','200013','$2a$10$UUolH37C7Uj7pjFWWrzgJ.7fgoA6AAsgk9b94bC5xQjJtdywnzuVq',NULL,2,'2021-05-13 19:14:06','2021-05-13 19:14:06',NULL,0),(64,'Usuario14','Usuario14','Usuario14','200014','$2a$10$y5iVlrzo0DBgK4J5QO9XluNAOpyi2XFmEHWMwjTFVET0C80x5rb.W',NULL,2,'2021-05-13 19:14:39','2021-05-13 19:14:39',NULL,0),(65,'Error','Error','Error','123459','$2a$10$VL816/miAG7BBkvXSSYceOBS.t/mxge9NRRk36Mdx.WX737Uum.be',NULL,2,'2021-05-19 15:49:37','2021-05-19 15:49:37',NULL,0),(66,'User8','User8','User8','300008','$2a$10$wlb8vQuQCBUX2fkyCULNbOs8lqXBzom1TO1iyQ7oXeCn1baZzYM9m',NULL,2,'2021-05-20 16:31:12','2021-05-20 16:31:12',NULL,0),(67,'User9','User9','User9','300009','$2a$10$rfOu3N/FeW.RJnynozrVx.pUiTsrZmnSi3xjlPnLSL3zpHzdREV2q',NULL,2,'2021-05-20 16:31:43','2021-05-20 16:31:43',NULL,0),(68,'User1','User1','User1','300001','$2a$10$sBY4vwynX3egkZRxoU0Wwu7ZRxYSfdGv8DG015d4CZAbkfeYCc/Du',NULL,2,'2021-05-20 16:31:46','2021-05-20 16:31:46',NULL,0),(69,'User10','User10','User10','300010','$2a$10$Wo3K49vbjibwokoyCNfKxu7gLUhkgAH/Gzxj.YOLsWqBH/eiMMZ2S',NULL,2,'2021-05-20 16:31:59','2021-05-20 16:31:59',NULL,0),(70,'User2','User2','User2','300002','$2a$10$EBLX7v3AZJjvD10USEehpexiTV2ad8iklRiE7deq./F1/HAPEb0wK',NULL,2,'2021-05-20 16:32:17','2021-05-20 16:32:17',NULL,0),(71,'User7','User7','User7','300007','$2a$10$.6T/Q.0uAWWUGxIl7r736OIG.ICKU7bbdgHuq72sx1sMq5OOIDRzi',NULL,2,'2021-05-20 16:32:46','2021-05-20 16:32:46',NULL,0),(72,'User3','User3','User3','300003','$2a$10$4/EjS27JixkcrP7mOFv7/OkEUASIKwYfHTcN03atInpold/7Iogya',NULL,2,'2021-05-20 16:32:58','2021-05-20 16:32:58',NULL,0),(73,'User6','User6','User6','300006','$2a$10$HmtrYRifyroUSwzfzg1.n.Pflt.P1vbdYDZUJ.7ZE4wpKfVZtcblG',NULL,2,'2021-05-20 16:33:09','2021-05-20 16:33:09',NULL,0),(74,'User4','User4','User4','300004','$2a$10$i2ifb7MBRKz2ETRD9hsWxOYXq4mPFHedAakjITBmBXr/P1zHHQeSS',NULL,2,'2021-05-20 16:33:46','2021-05-20 16:33:46',NULL,0),(75,'User5','User5','User5','300005','$2a$10$0LVotLlybqYvq.k7XBp.IeXE6sWvLbLD0Xxwzj.IoncrXHfugGHom',NULL,2,'2021-05-20 16:34:15','2021-05-20 16:34:15',NULL,0),(76,'Alumno','Alumno','Alumno','1630168','$2a$10$ETzxrqmQkMf/LcC49Hf85uLL2klfzOHCVoRqtu2YKjnJBqABa3g4y','aa',4,NULL,NULL,NULL,0),(77,'--','--','--','12356','$2a$10$i/l5yu1EJrrRmjUz/mF4r.4U9SxVwtU16WfdAPmFLgLUr17MbWSU.','Universidad',4,NULL,NULL,NULL,0),(79,'Dino','Dino','Dino','2','$2a$10$9thAZG68ASeR0ok5dPHGGOSSESceZhZZNMSr78lwgfhl1WUpfoL2K',NULL,2,'2021-06-03 02:47:23','2021-06-03 02:49:00',NULL,1);
/*!40000 ALTER TABLE `users` ENABLE KEYS */;
UNLOCK TABLES;

--
-- Table structure for table `utilidades`
--

DROP TABLE IF EXISTS `utilidades`;
/*!40101 SET @saved_cs_client     = @@character_set_client */;
/*!50503 SET character_set_client = utf8mb4 */;
CREATE TABLE `utilidades` (
  `id` int unsigned NOT NULL AUTO_INCREMENT,
  `radio` int DEFAULT NULL,
  `created_at` datetime DEFAULT NULL,
  `updated_at` datetime DEFAULT NULL,
  PRIMARY KEY (`id`)
) ENGINE=InnoDB AUTO_INCREMENT=2 DEFAULT CHARSET=utf8mb4 COLLATE=utf8mb4_0900_ai_ci;
/*!40101 SET character_set_client = @saved_cs_client */;

--
-- Dumping data for table `utilidades`
--

LOCK TABLES `utilidades` WRITE;
/*!40000 ALTER TABLE `utilidades` DISABLE KEYS */;
INSERT INTO `utilidades` VALUES (1,65,NULL,NULL);
/*!40000 ALTER TABLE `utilidades` ENABLE KEYS */;
UNLOCK TABLES;
/*!40103 SET TIME_ZONE=@OLD_TIME_ZONE */;

/*!40101 SET SQL_MODE=@OLD_SQL_MODE */;
/*!40014 SET FOREIGN_KEY_CHECKS=@OLD_FOREIGN_KEY_CHECKS */;
/*!40014 SET UNIQUE_CHECKS=@OLD_UNIQUE_CHECKS */;
/*!40101 SET CHARACTER_SET_CLIENT=@OLD_CHARACTER_SET_CLIENT */;
/*!40101 SET CHARACTER_SET_RESULTS=@OLD_CHARACTER_SET_RESULTS */;
/*!40101 SET COLLATION_CONNECTION=@OLD_COLLATION_CONNECTION */;
/*!40111 SET SQL_NOTES=@OLD_SQL_NOTES */;

-- Dump completed on 2021-06-29 13:33:57
